url,title,date,class,venue
https://vault.racerxonline.com/2000-01-08/125wsx/edison-field,Anaheim 1 - 125WSX,"January 8, 2000",125wsx,Edison Field
https://vault.racerxonline.com/2000-01-08/250sx/edison-field,Anaheim 1 - 250SX,"January 8, 2000",250sx,Edison Field
https://vault.racerxonline.com/2000-01-15/125wsx/edison-field,Anaheim 2 - 125WSX,"January 15, 2000",125wsx,Edison Field
https://vault.racerxonline.com/2000-01-15/250sx/edison-field,Anaheim 2 - 250SX,"January 15, 2000",250sx,Edison Field
https://vault.racerxonline.com/2000-01-22/125wsx/qualcomm-stadium,San Diego - 125WSX,"January 22, 2000",125wsx,Qualcomm Stadium
https://vault.racerxonline.com/2000-01-22/250sx/qualcomm-stadium,San Diego - 250SX,"January 22, 2000",250sx,Qualcomm Stadium
https://vault.racerxonline.com/2000-01-29/125wsx/bank-one-ballpark,Phoenix - 125WSX,"January 29, 2000",125wsx,Bank One Ballpark
https://vault.racerxonline.com/2000-01-29/250sx/bank-one-ballpark,Phoenix - 250SX,"January 29, 2000",250sx,Bank One Ballpark
https://vault.racerxonline.com/2000-02-05/125wsx/astrodome,Houston - 125WSX,"February 5, 2000",125wsx,Astrodome
https://vault.racerxonline.com/2000-02-05/250sx/astrodome,Houston - 250SX,"February 5, 2000",250sx,Astrodome
https://vault.racerxonline.com/2000-02-12/125esx/rca-dome,Indianapolis - 125ESX,"February 12, 2000",125esx,Rca Dome
https://vault.racerxonline.com/2000-02-12/250sx/rca-dome,Indianapolis - 250SX,"February 12, 2000",250sx,Rca Dome
https://vault.racerxonline.com/2000-02-19/125esx/silverdome,Pontiac 1 - 125ESX,"February 19, 2000",125esx,Silverdome
https://vault.racerxonline.com/2000-02-19/250sx/silverdome,Pontiac 1 - 250SX,"February 19, 2000",250sx,Silverdome
https://vault.racerxonline.com/2000-02-26/125esx/georgia-dome,Atlanta - 125ESX,"February 26, 2000",125esx,Georgia Dome
https://vault.racerxonline.com/2000-02-26/250sx/georgia-dome,Atlanta - 250SX,"February 26, 2000",250sx,Georgia Dome
https://vault.racerxonline.com/2000-03-10/125esx/daytona-international-speedway,Daytona - 125ESX,"March 10, 2000",125esx,Daytona International Speedway
https://vault.racerxonline.com/2000-03-10/250sx/daytona-international-speedway,Daytona - 250SX,"March 10, 2000",250sx,Daytona International Speedway
https://vault.racerxonline.com/2000-03-18/125esx/trans-world-dome,St. Louis - 125ESX,"March 18, 2000",125esx,Trans World Dome
https://vault.racerxonline.com/2000-03-18/250sx/trans-world-dome,St. Louis - 250SX,"March 18, 2000",250sx,Trans World Dome
https://vault.racerxonline.com/2000-03-25/125wsx/metrodome,Minneapolis - 125WSX,"March 25, 2000",125wsx,Metrodome
https://vault.racerxonline.com/2000-03-25/250sx/metrodome,Minneapolis - 250SX,"March 25, 2000",250sx,Metrodome
https://vault.racerxonline.com/2000-04-01/125esx/silverdome,Pontiac 2 - 125ESX,"April 1, 2000",125esx,Silverdome
https://vault.racerxonline.com/2000-04-01/250sx/silverdome,Pontiac 2 - 250SX,"April 1, 2000",250sx,Silverdome
https://vault.racerxonline.com/2000-04-08/125wsx/texas-stadium,Irving - 125WSX,"April 8, 2000",125wsx,Texas Stadium
https://vault.racerxonline.com/2000-04-08/250sx/texas-stadium,Irving - 250SX,"April 8, 2000",250sx,Texas Stadium
https://vault.racerxonline.com/2000-04-15/125esx/superdome,New Orleans - 125ESX,"April 15, 2000",125esx,Superdome
https://vault.racerxonline.com/2000-04-15/250sx/superdome,New Orleans - 250SX,"April 15, 2000",250sx,Superdome
https://vault.racerxonline.com/2000-04-29/125esx/route-66-raceway,Joliet - 125ESX,"April 29, 2000",125esx,Route 66 Raceway
https://vault.racerxonline.com/2000-04-29/250sx/route-66-raceway,Joliet - 250SX,"April 29, 2000",250sx,Route 66 Raceway
https://vault.racerxonline.com/2000-05-06/125sxshootout/sam-boyd-stadium,Las Vegas - 125SX/Shootout,"May 6, 2000",125sxshootout,Sam Boyd Stadium
https://vault.racerxonline.com/2000-05-06/250sx/sam-boyd-stadium,Las Vegas - 250SX,"May 6, 2000",250sx,Sam Boyd Stadium
https://vault.racerxonline.com/2000-05-14/125mx/glen-helen-raceway,Glen Helen Raceway - 125MX,"May 14, 2000",125mx,Glen Helen Raceway
https://vault.racerxonline.com/2000-05-14/250mx/glen-helen-raceway,Glen Helen Raceway - 250MX,"May 14, 2000",250mx,Glen Helen Raceway
https://vault.racerxonline.com/2000-05-21/125mx/hangtown-motocross-classic,Hangtown Motocross Classic - 125MX,"May 21, 2000",125mx,Hangtown Motocross Classic
https://vault.racerxonline.com/2000-05-21/250mx/hangtown-motocross-classic,Hangtown Motocross Classic - 250MX,"May 21, 2000",250mx,Hangtown Motocross Classic
https://vault.racerxonline.com/2000-05-28/125mx/high-point-raceway,High Point Raceway - 125MX,"May 28, 2000",125mx,High Point Raceway
https://vault.racerxonline.com/2000-05-28/250mx/high-point-raceway,High Point Raceway - 250MX,"May 28, 2000",250mx,High Point Raceway
https://vault.racerxonline.com/2000-06-11/125mx/moto-x-338,Moto-X 338 - 125MX,"June 11, 2000",125mx,Moto X 338
https://vault.racerxonline.com/2000-06-11/250mx/moto-x-338,Moto-X 338 - 250MX,"June 11, 2000",250mx,Moto X 338
https://vault.racerxonline.com/2000-06-18/125mx/budds-creek-motocross-park,Budds Creek Motocross - 125MX,"June 18, 2000",125mx,Budds Creek Motocross Park
https://vault.racerxonline.com/2000-06-18/250mx/budds-creek-motocross-park,Budds Creek Motocross - 250MX,"June 18, 2000",250mx,Budds Creek Motocross Park
https://vault.racerxonline.com/2000-07-02/125mx/red-bud-track-n-trail,RedBud Track 'n Trail - 125MX,"July 2, 2000",125mx,Red Bud Track N Trail
https://vault.racerxonline.com/2000-07-02/250mx/red-bud-track-n-trail,RedBud Track 'n Trail - 250MX,"July 2, 2000",250mx,Red Bud Track N Trail
https://vault.racerxonline.com/2000-07-16/125mx/unadilla,Unadilla Motocross - 125MX,"July 16, 2000",125mx,Unadilla
https://vault.racerxonline.com/2000-07-16/250mx/unadilla,Unadilla Motocross - 250MX,"July 16, 2000",250mx,Unadilla
https://vault.racerxonline.com/2000-07-23/125mx/kenworthys-motocross-park,Kenworthy's Motocross Park - 125MX,"July 23, 2000",125mx,Kenworthys Motocross Park
https://vault.racerxonline.com/2000-07-23/250mx/kenworthys-motocross-park,Kenworthy's Motocross Park - 250MX,"July 23, 2000",250mx,Kenworthys Motocross Park
https://vault.racerxonline.com/2000-07-30/125mx/washougal-motocross-park,Washougal Motocross - 125MX,"July 30, 2000",125mx,Washougal Motocross Park
https://vault.racerxonline.com/2000-07-30/250mx/washougal-motocross-park,Washougal Motocross - 250MX,"July 30, 2000",250mx,Washougal Motocross Park
https://vault.racerxonline.com/2000-08-13/125mx/spring-creek-motocross-park,Spring Creek Motocross - 125MX,"August 13, 2000",125mx,Spring Creek Motocross Park
https://vault.racerxonline.com/2000-08-13/250mx/spring-creek-motocross-park,Spring Creek Motocross - 250MX,"August 13, 2000",250mx,Spring Creek Motocross Park
https://vault.racerxonline.com/2000-08-27/125mx/broome-tioga-sports-center,Broome-Tioga Sports Center - 125MX,"August 27, 2000",125mx,Broome Tioga Sports Center
https://vault.racerxonline.com/2000-08-27/250mx/broome-tioga-sports-center,Broome-Tioga Sports Center - 250MX,"August 27, 2000",250mx,Broome Tioga Sports Center
https://vault.racerxonline.com/2000-09-03/125mx/steel-city-raceway,Steel City Raceway - 125MX,"September 3, 2000",125mx,Steel City Raceway
https://vault.racerxonline.com/2000-09-03/250mx/steel-city-raceway,Steel City Raceway - 250MX,"September 3, 2000",250mx,Steel City Raceway
https://vault.racerxonline.com/2001-01-06/125wsx/edison-field,Anaheim 1 - 125WSX,"January 6, 2001",125wsx,Edison Field
https://vault.racerxonline.com/2001-01-06/250sx/edison-field,Anaheim 1 - 250SX,"January 6, 2001",250sx,Edison Field
https://vault.racerxonline.com/2001-01-13/125wsx/qualcomm-stadium,San Diego - 125WSX,"January 13, 2001",125wsx,Qualcomm Stadium
https://vault.racerxonline.com/2001-01-13/250sx/qualcomm-stadium,San Diego - 250SX,"January 13, 2001",250sx,Qualcomm Stadium
https://vault.racerxonline.com/2001-01-20/125wsx/edison-field,Anaheim 2 - 125WSX,"January 20, 2001",125wsx,Edison Field
https://vault.racerxonline.com/2001-01-20/250sx/edison-field,Anaheim 2 - 250SX,"January 20, 2001",250sx,Edison Field
https://vault.racerxonline.com/2001-01-27/125wsx/bank-one-ballpark,Phoenix - 125WSX,"January 27, 2001",125wsx,Bank One Ballpark
https://vault.racerxonline.com/2001-01-27/250sx/bank-one-ballpark,Phoenix - 250SX,"January 27, 2001",250sx,Bank One Ballpark
https://vault.racerxonline.com/2001-02-03/125wsx/edison-field,Anaheim 3 - 125WSX,"February 3, 2001",125wsx,Edison Field
https://vault.racerxonline.com/2001-02-03/250sx/edison-field,Anaheim 3 - 250SX,"February 3, 2001",250sx,Edison Field
https://vault.racerxonline.com/2001-02-10/125esx/rca-dome,Indianapolis - 125ESX,"February 10, 2001",125esx,Rca Dome
https://vault.racerxonline.com/2001-02-10/250sx/rca-dome,Indianapolis - 250SX,"February 10, 2001",250sx,Rca Dome
https://vault.racerxonline.com/2001-02-24/125esx/georgia-dome,Atlanta - 125ESX,"February 24, 2001",125esx,Georgia Dome
https://vault.racerxonline.com/2001-02-24/250sx/georgia-dome,Atlanta - 250SX,"February 24, 2001",250sx,Georgia Dome
https://vault.racerxonline.com/2001-03-03/125esx/superdome,New Orleans - 125ESX,"March 3, 2001",125esx,Superdome
https://vault.racerxonline.com/2001-03-03/250sx/superdome,New Orleans - 250SX,"March 3, 2001",250sx,Superdome
https://vault.racerxonline.com/2001-03-10/125esx/daytona-international-speedway,Daytona - 125ESX,"March 10, 2001",125esx,Daytona International Speedway
https://vault.racerxonline.com/2001-03-10/250sx/daytona-international-speedway,Daytona - 250SX,"March 10, 2001",250sx,Daytona International Speedway
https://vault.racerxonline.com/2001-03-17/125esx/metrodome,Minneapolis - 125ESX,"March 17, 2001",125esx,Metrodome
https://vault.racerxonline.com/2001-03-17/250sx/metrodome,Minneapolis - 250SX,"March 17, 2001",250sx,Metrodome
https://vault.racerxonline.com/2001-03-24/125wsx/astrodome,Houston - 125WSX,"March 24, 2001",125wsx,Astrodome
https://vault.racerxonline.com/2001-03-24/250sx/astrodome,Houston - 250SX,"March 24, 2001",250sx,Astrodome
https://vault.racerxonline.com/2001-03-31/125esx/edward-jones-dome,St. Louis - 125ESX,"March 31, 2001",125esx,Edward Jones Dome
https://vault.racerxonline.com/2001-03-31/250sx/edward-jones-dome,St. Louis - 250SX,"March 31, 2001",250sx,Edward Jones Dome
https://vault.racerxonline.com/2001-04-07/125esx/silverdome,Pontiac - 125ESX,"April 7, 2001",125esx,Silverdome
https://vault.racerxonline.com/2001-04-07/250sx/silverdome,Pontiac - 250SX,"April 7, 2001",250sx,Silverdome
https://vault.racerxonline.com/2001-04-21/125wsx/texas-stadium,Irving - 125WSX,"April 21, 2001",125wsx,Texas Stadium
https://vault.racerxonline.com/2001-04-21/250sx/texas-stadium,Irving - 250SX,"April 21, 2001",250sx,Texas Stadium
https://vault.racerxonline.com/2001-04-28/125wsx/rice-eccles-stadium,Salt Lake City - 125WSX,"April 28, 2001",125wsx,Rice Eccles Stadium
https://vault.racerxonline.com/2001-04-28/250sx/rice-eccles-stadium,Salt Lake City - 250SX,"April 28, 2001",250sx,Rice Eccles Stadium
https://vault.racerxonline.com/2001-05-05/125sxshootout/sam-boyd-stadium,Las Vegas - 125SX/Shootout,"May 5, 2001",125sxshootout,Sam Boyd Stadium
https://vault.racerxonline.com/2001-05-05/250sx/sam-boyd-stadium,Las Vegas - 250SX,"May 5, 2001",250sx,Sam Boyd Stadium
https://vault.racerxonline.com/2001-05-13/125mx/glen-helen-raceway,Glen Helen Raceway - 125MX,"May 13, 2001",125mx,Glen Helen Raceway
https://vault.racerxonline.com/2001-05-13/250mx/glen-helen-raceway,Glen Helen Raceway - 250MX,"May 13, 2001",250mx,Glen Helen Raceway
https://vault.racerxonline.com/2001-05-20/125mx/hangtown-motocross-classic,Hangtown Motocross Classic - 125MX,"May 20, 2001",125mx,Hangtown Motocross Classic
https://vault.racerxonline.com/2001-05-20/250mx/hangtown-motocross-classic,Hangtown Motocross Classic - 250MX,"May 20, 2001",250mx,Hangtown Motocross Classic
https://vault.racerxonline.com/2001-05-27/125mx/high-point-raceway,High Point Raceway - 125MX,"May 27, 2001",125mx,High Point Raceway
https://vault.racerxonline.com/2001-05-27/250mx/high-point-raceway,High Point Raceway - 250MX,"May 27, 2001",250mx,High Point Raceway
https://vault.racerxonline.com/2001-06-10/125mx/moto-x-338,Moto-X 338 - 125MX,"June 10, 2001",125mx,Moto X 338
https://vault.racerxonline.com/2001-06-10/250mx/moto-x-338,Moto-X 338 - 250MX,"June 10, 2001",250mx,Moto X 338
https://vault.racerxonline.com/2001-06-17/125mx/budds-creek-motocross-park,Budds Creek Motocross - 125MX,"June 17, 2001",125mx,Budds Creek Motocross Park
https://vault.racerxonline.com/2001-06-17/250mx/budds-creek-motocross-park,Budds Creek Motocross - 250MX,"June 17, 2001",250mx,Budds Creek Motocross Park
https://vault.racerxonline.com/2001-07-01/125mx/red-bud-track-n-trail,RedBud Track 'n Trail - 125MX,"July 1, 2001",125mx,Red Bud Track N Trail
https://vault.racerxonline.com/2001-07-01/250mx/red-bud-track-n-trail,RedBud Track 'n Trail - 250MX,"July 1, 2001",250mx,Red Bud Track N Trail
https://vault.racerxonline.com/2001-07-15/125mx/unadilla,Unadilla Motocross - 125MX,"July 15, 2001",125mx,Unadilla
https://vault.racerxonline.com/2001-07-15/250mx/unadilla,Unadilla Motocross - 250MX,"July 15, 2001",250mx,Unadilla
https://vault.racerxonline.com/2001-07-22/125mx/kenworthys-motocross-park,Kenworthy's Motocross Park - 125MX,"July 22, 2001",125mx,Kenworthys Motocross Park
https://vault.racerxonline.com/2001-07-22/250mx/kenworthys-motocross-park,Kenworthy's Motocross Park - 250MX,"July 22, 2001",250mx,Kenworthys Motocross Park
https://vault.racerxonline.com/2001-07-29/125mx/washougal-motocross-park,Washougal Motocross - 125MX,"July 29, 2001",125mx,Washougal Motocross Park
https://vault.racerxonline.com/2001-07-29/250mx/washougal-motocross-park,Washougal Motocross - 250MX,"July 29, 2001",250mx,Washougal Motocross Park
https://vault.racerxonline.com/2001-08-19/125mx/spring-creek-motocross-park,Spring Creek Motocross - 125MX,"August 19, 2001",125mx,Spring Creek Motocross Park
https://vault.racerxonline.com/2001-08-19/250mx/spring-creek-motocross-park,Spring Creek Motocross - 250MX,"August 19, 2001",250mx,Spring Creek Motocross Park
https://vault.racerxonline.com/2001-08-26/125mx/broome-tioga-sports-center,Broome-Tioga Sports Center - 125MX,"August 26, 2001",125mx,Broome Tioga Sports Center
https://vault.racerxonline.com/2001-08-26/250mx/broome-tioga-sports-center,Broome-Tioga Sports Center - 250MX,"August 26, 2001",250mx,Broome Tioga Sports Center
https://vault.racerxonline.com/2001-09-02/125mx/steel-city-raceway,Steel City Raceway - 125MX,"September 2, 2001",125mx,Steel City Raceway
https://vault.racerxonline.com/2001-09-02/250mx/steel-city-raceway,Steel City Raceway - 250MX,"September 2, 2001",250mx,Steel City Raceway
https://vault.racerxonline.com/2002-01-05/125wsx/edison-field,Anaheim 1 - 125WSX,"January 5, 2002",125wsx,Edison Field
https://vault.racerxonline.com/2002-01-05/250sx/edison-field,Anaheim 1 - 250SX,"January 5, 2002",250sx,Edison Field
https://vault.racerxonline.com/2002-01-12/125wsx/qualcomm-stadium,San Diego - 125WSX,"January 12, 2002",125wsx,Qualcomm Stadium
https://vault.racerxonline.com/2002-01-12/250sx/qualcomm-stadium,San Diego - 250SX,"January 12, 2002",250sx,Qualcomm Stadium
https://vault.racerxonline.com/2002-01-19/125wsx/edison-field,Anaheim 2 - 125WSX,"January 19, 2002",125wsx,Edison Field
https://vault.racerxonline.com/2002-01-19/250sx/edison-field,Anaheim 2 - 250SX,"January 19, 2002",250sx,Edison Field
https://vault.racerxonline.com/2002-01-26/125wsx/bank-one-ballpark,Phoenix - 125WSX,"January 26, 2002",125wsx,Bank One Ballpark
https://vault.racerxonline.com/2002-01-26/250sx/bank-one-ballpark,Phoenix - 250SX,"January 26, 2002",250sx,Bank One Ballpark
https://vault.racerxonline.com/2002-02-02/125wsx/edison-field,Anaheim 3 - 125WSX,"February 2, 2002",125wsx,Edison Field
https://vault.racerxonline.com/2002-02-02/250sx/edison-field,Anaheim 3 - 250SX,"February 2, 2002",250sx,Edison Field
https://vault.racerxonline.com/2002-02-09/125esx/rca-dome,Indianapolis - 125ESX,"February 9, 2002",125esx,Rca Dome
https://vault.racerxonline.com/2002-02-09/250sx/rca-dome,Indianapolis - 250SX,"February 9, 2002",250sx,Rca Dome
https://vault.racerxonline.com/2002-02-16/125esx/metrodome,Minneapolis - 125ESX,"February 16, 2002",125esx,Metrodome
https://vault.racerxonline.com/2002-02-16/250sx/metrodome,Minneapolis - 250SX,"February 16, 2002",250sx,Metrodome
https://vault.racerxonline.com/2002-02-23/125esx/georgia-dome,Atlanta - 125ESX,"February 23, 2002",125esx,Georgia Dome
https://vault.racerxonline.com/2002-02-23/250sx/georgia-dome,Atlanta - 250SX,"February 23, 2002",250sx,Georgia Dome
https://vault.racerxonline.com/2002-03-09/125esx/daytona-international-speedway,Daytona - 125ESX,"March 9, 2002",125esx,Daytona International Speedway
https://vault.racerxonline.com/2002-03-09/250sx/daytona-international-speedway,Daytona - 250SX,"March 9, 2002",250sx,Daytona International Speedway
https://vault.racerxonline.com/2002-03-16/125esx/superdome,New Orleans - 125ESX,"March 16, 2002",125esx,Superdome
https://vault.racerxonline.com/2002-03-16/250sx/superdome,New Orleans - 250SX,"March 16, 2002",250sx,Superdome
https://vault.racerxonline.com/2002-03-23/125wsx/astrodome,Houston - 125WSX,"March 23, 2002",125wsx,Astrodome
https://vault.racerxonline.com/2002-03-23/250sx/astrodome,Houston - 250SX,"March 23, 2002",250sx,Astrodome
https://vault.racerxonline.com/2002-04-06/125esx/edward-jones-dome,St. Louis - 125ESX,"April 6, 2002",125esx,Edward Jones Dome
https://vault.racerxonline.com/2002-04-06/250sx/edward-jones-dome,St. Louis - 250SX,"April 6, 2002",250sx,Edward Jones Dome
https://vault.racerxonline.com/2002-04-13/125esx/silverdome,Pontiac - 125ESX,"April 13, 2002",125esx,Silverdome
https://vault.racerxonline.com/2002-04-13/250sx/silverdome,Pontiac - 250SX,"April 13, 2002",250sx,Silverdome
https://vault.racerxonline.com/2002-04-20/125wsx/texas-stadium,Irving - 125WSX,"April 20, 2002",125wsx,Texas Stadium
https://vault.racerxonline.com/2002-04-20/250sx/texas-stadium,Irving - 250SX,"April 20, 2002",250sx,Texas Stadium
https://vault.racerxonline.com/2002-04-27/125wsx/rice-eccles-stadium,Salt Lake City - 125WSX,"April 27, 2002",125wsx,Rice Eccles Stadium
https://vault.racerxonline.com/2002-04-27/250sx/rice-eccles-stadium,Salt Lake City - 250SX,"April 27, 2002",250sx,Rice Eccles Stadium
https://vault.racerxonline.com/2002-05-04/125sxshootout/sam-boyd-stadium,Las Vegas - 125SX/Shootout,"May 4, 2002",125sxshootout,Sam Boyd Stadium
https://vault.racerxonline.com/2002-05-04/250sx/sam-boyd-stadium,Las Vegas - 250SX,"May 4, 2002",250sx,Sam Boyd Stadium
https://vault.racerxonline.com/2002-05-12/125mx/glen-helen-raceway,Glen Helen Raceway - 125MX,"May 12, 2002",125mx,Glen Helen Raceway
https://vault.racerxonline.com/2002-05-12/250mx/glen-helen-raceway,Glen Helen Raceway - 250MX,"May 12, 2002",250mx,Glen Helen Raceway
https://vault.racerxonline.com/2002-05-19/125mx/hangtown-motocross-classic,Hangtown Motocross Classic - 125MX,"May 19, 2002",125mx,Hangtown Motocross Classic
https://vault.racerxonline.com/2002-05-19/250mx/hangtown-motocross-classic,Hangtown Motocross Classic - 250MX,"May 19, 2002",250mx,Hangtown Motocross Classic
https://vault.racerxonline.com/2002-05-26/125mx/high-point-raceway,High Point Raceway - 125MX,"May 26, 2002",125mx,High Point Raceway
https://vault.racerxonline.com/2002-05-26/250mx/high-point-raceway,High Point Raceway - 250MX,"May 26, 2002",250mx,High Point Raceway
https://vault.racerxonline.com/2002-06-09/125mx/moto-x-338,Moto-X 338 - 125MX,"June 9, 2002",125mx,Moto X 338
https://vault.racerxonline.com/2002-06-09/250mx/moto-x-338,Moto-X 338 - 250MX,"June 9, 2002",250mx,Moto X 338
https://vault.racerxonline.com/2002-06-16/125mx/budds-creek-motocross-park,Budds Creek Motocross - 125MX,"June 16, 2002",125mx,Budds Creek Motocross Park
https://vault.racerxonline.com/2002-06-16/250mx/budds-creek-motocross-park,Budds Creek Motocross - 250MX,"June 16, 2002",250mx,Budds Creek Motocross Park
https://vault.racerxonline.com/2002-07-07/125mx/red-bud-track-n-trail,RedBud Track 'n Trail - 125MX,"July 7, 2002",125mx,Red Bud Track N Trail
https://vault.racerxonline.com/2002-07-07/250mx/red-bud-track-n-trail,RedBud Track 'n Trail - 250MX,"July 7, 2002",250mx,Red Bud Track N Trail
https://vault.racerxonline.com/2002-07-14/125mx/kenworthys-motocross-park,Kenworthy's Motocross Park - 125MX,"July 14, 2002",125mx,Kenworthys Motocross Park
https://vault.racerxonline.com/2002-07-14/250mx/kenworthys-motocross-park,Kenworthy's Motocross Park - 250MX,"July 14, 2002",250mx,Kenworthys Motocross Park
https://vault.racerxonline.com/2002-07-21/125mx/unadilla,Unadilla Motocross - 125MX,"July 21, 2002",125mx,Unadilla
https://vault.racerxonline.com/2002-07-21/250mx/unadilla,Unadilla Motocross - 250MX,"July 21, 2002",250mx,Unadilla
https://vault.racerxonline.com/2002-07-28/125mx/washougal-motocross-park,Washougal Motocross - 125MX,"July 28, 2002",125mx,Washougal Motocross Park
https://vault.racerxonline.com/2002-07-28/250mx/washougal-motocross-park,Washougal Motocross - 250MX,"July 28, 2002",250mx,Washougal Motocross Park
https://vault.racerxonline.com/2002-08-18/125mx/spring-creek-motocross-park,Spring Creek Motocross - 125MX,"August 18, 2002",125mx,Spring Creek Motocross Park
https://vault.racerxonline.com/2002-08-18/250mx/spring-creek-motocross-park,Spring Creek Motocross - 250MX,"August 18, 2002",250mx,Spring Creek Motocross Park
https://vault.racerxonline.com/2002-08-25/125mx/broome-tioga-sports-center,Broome-Tioga Sports Center - 125MX,"August 25, 2002",125mx,Broome Tioga Sports Center
https://vault.racerxonline.com/2002-08-25/250mx/broome-tioga-sports-center,Broome-Tioga Sports Center - 250MX,"August 25, 2002",250mx,Broome Tioga Sports Center
https://vault.racerxonline.com/2002-09-01/125mx/steel-city-raceway,Steel City Raceway - 125MX,"September 1, 2002",125mx,Steel City Raceway
https://vault.racerxonline.com/2002-09-01/250mx/steel-city-raceway,Steel City Raceway - 250MX,"September 1, 2002",250mx,Steel City Raceway
https://vault.racerxonline.com/2003-01-04/125wsx/edison-field,Anaheim 1 - 125WSX,"January 4, 2003",125wsx,Edison Field
https://vault.racerxonline.com/2003-01-04/250sx/edison-field,Anaheim 1 - 250SX,"January 4, 2003",250sx,Edison Field
https://vault.racerxonline.com/2003-01-11/125wsx/bank-one-ballpark,Phoenix - 125WSX,"January 11, 2003",125wsx,Bank One Ballpark
https://vault.racerxonline.com/2003-01-11/250sx/bank-one-ballpark,Phoenix - 250SX,"January 11, 2003",250sx,Bank One Ballpark
https://vault.racerxonline.com/2003-01-18/125wsx/edison-field,Anaheim 2 - 125WSX,"January 18, 2003",125wsx,Edison Field
https://vault.racerxonline.com/2003-01-18/250sx/edison-field,Anaheim 2 - 250SX,"January 18, 2003",250sx,Edison Field
https://vault.racerxonline.com/2003-01-25/125wsx/oracle-park,San Francisco - 125WSX,"January 25, 2003",125wsx,Oracle Park
https://vault.racerxonline.com/2003-01-25/250sx/oracle-park,San Francisco - 250SX,"January 25, 2003",250sx,Oracle Park
https://vault.racerxonline.com/2003-02-01/125wsx/edison-field,Anaheim 3 - 125WSX,"February 1, 2003",125wsx,Edison Field
https://vault.racerxonline.com/2003-02-01/250sx/edison-field,Anaheim 3 - 250SX,"February 1, 2003",250sx,Edison Field
https://vault.racerxonline.com/2003-02-08/125wsx/qualcomm-stadium,San Diego - 125WSX,"February 8, 2003",125wsx,Qualcomm Stadium
https://vault.racerxonline.com/2003-02-08/250sx/qualcomm-stadium,San Diego - 250SX,"February 8, 2003",250sx,Qualcomm Stadium
https://vault.racerxonline.com/2003-02-15/125esx/metrodome,Minneapolis - 125ESX,"February 15, 2003",125esx,Metrodome
https://vault.racerxonline.com/2003-02-15/250sx/metrodome,Minneapolis - 250SX,"February 15, 2003",250sx,Metrodome
https://vault.racerxonline.com/2003-02-22/125esx/georgia-dome,Atlanta - 125ESX,"February 22, 2003",125esx,Georgia Dome
https://vault.racerxonline.com/2003-02-22/250sx/georgia-dome,Atlanta - 250SX,"February 22, 2003",250sx,Georgia Dome
https://vault.racerxonline.com/2003-03-01/125esx/rca-dome,Indianapolis - 125ESX,"March 1, 2003",125esx,Rca Dome
https://vault.racerxonline.com/2003-03-01/250sx/rca-dome,Indianapolis - 250SX,"March 1, 2003",250sx,Rca Dome
https://vault.racerxonline.com/2003-03-08/125esx/daytona-international-speedway,Daytona - 125ESX,"March 8, 2003",125esx,Daytona International Speedway
https://vault.racerxonline.com/2003-03-08/250sx/daytona-international-speedway,Daytona - 250SX,"March 8, 2003",250sx,Daytona International Speedway
https://vault.racerxonline.com/2003-03-22/125esx/edward-jones-dome,St. Louis - 125ESX,"March 22, 2003",125esx,Edward Jones Dome
https://vault.racerxonline.com/2003-03-22/250sx/edward-jones-dome,St. Louis - 250SX,"March 22, 2003",250sx,Edward Jones Dome
https://vault.racerxonline.com/2003-03-29/125esx/reliant-stadium,Houston - 125ESX,"March 29, 2003",125esx,Reliant Stadium
https://vault.racerxonline.com/2003-03-29/250sx/reliant-stadium,Houston - 250SX,"March 29, 2003",250sx,Reliant Stadium
https://vault.racerxonline.com/2003-04-05/125esx/silverdome,Pontiac - 125ESX,"April 5, 2003",125esx,Silverdome
https://vault.racerxonline.com/2003-04-05/250sx/silverdome,Pontiac - 250SX,"April 5, 2003",250sx,Silverdome
https://vault.racerxonline.com/2003-04-12/125wsx/texas-stadium,Irving - 125WSX,"April 12, 2003",125wsx,Texas Stadium
https://vault.racerxonline.com/2003-04-12/250sx/texas-stadium,Irving - 250SX,"April 12, 2003",250sx,Texas Stadium
https://vault.racerxonline.com/2003-04-26/125wsx/rice-eccles-stadium,Salt Lake City - 125WSX,"April 26, 2003",125wsx,Rice Eccles Stadium
https://vault.racerxonline.com/2003-04-26/250sx/rice-eccles-stadium,Salt Lake City - 250SX,"April 26, 2003",250sx,Rice Eccles Stadium
https://vault.racerxonline.com/2003-05-03/125sxshootout/sam-boyd-stadium,Las Vegas - 125SX/Shootout,"May 3, 2003",125sxshootout,Sam Boyd Stadium
https://vault.racerxonline.com/2003-05-03/250sx/sam-boyd-stadium,Las Vegas - 250SX,"May 3, 2003",250sx,Sam Boyd Stadium
https://vault.racerxonline.com/2003-05-11/125mx/glen-helen-raceway,Glen Helen Raceway - 125MX,"May 11, 2003",125mx,Glen Helen Raceway
https://vault.racerxonline.com/2003-05-11/250mx/glen-helen-raceway,Glen Helen Raceway - 250MX,"May 11, 2003",250mx,Glen Helen Raceway
https://vault.racerxonline.com/2003-05-18/125mx/hangtown-motocross-classic,Hangtown Motocross Classic - 125MX,"May 18, 2003",125mx,Hangtown Motocross Classic
https://vault.racerxonline.com/2003-05-18/250mx/hangtown-motocross-classic,Hangtown Motocross Classic - 250MX,"May 18, 2003",250mx,Hangtown Motocross Classic
https://vault.racerxonline.com/2003-05-25/125mx/high-point-raceway,High Point Raceway - 125MX,"May 25, 2003",125mx,High Point Raceway
https://vault.racerxonline.com/2003-05-25/250mx/high-point-raceway,High Point Raceway - 250MX,"May 25, 2003",250mx,High Point Raceway
https://vault.racerxonline.com/2003-06-08/125mx/moto-x-338,Moto-X 338 - 125MX,"June 8, 2003",125mx,Moto X 338
https://vault.racerxonline.com/2003-06-08/250mx/moto-x-338,Moto-X 338 - 250MX,"June 8, 2003",250mx,Moto X 338
https://vault.racerxonline.com/2003-06-15/125mx/budds-creek-motocross-park,Budds Creek Motocross - 125MX,"June 15, 2003",125mx,Budds Creek Motocross Park
https://vault.racerxonline.com/2003-06-15/250mx/budds-creek-motocross-park,Budds Creek Motocross - 250MX,"June 15, 2003",250mx,Budds Creek Motocross Park
https://vault.racerxonline.com/2003-07-06/125mx/red-bud-track-n-trail,RedBud Track 'n Trail - 125MX,"July 6, 2003",125mx,Red Bud Track N Trail
https://vault.racerxonline.com/2003-07-06/250mx/red-bud-track-n-trail,RedBud Track 'n Trail - 250MX,"July 6, 2003",250mx,Red Bud Track N Trail
https://vault.racerxonline.com/2003-07-20/125mx/unadilla,Unadilla Motocross - 125MX,"July 20, 2003",125mx,Unadilla
https://vault.racerxonline.com/2003-07-20/250mx/unadilla,Unadilla Motocross - 250MX,"July 20, 2003",250mx,Unadilla
https://vault.racerxonline.com/2003-07-27/125mx/washougal-motocross-park,Washougal Motocross - 125MX,"July 27, 2003",125mx,Washougal Motocross Park
https://vault.racerxonline.com/2003-07-27/250mx/washougal-motocross-park,Washougal Motocross - 250MX,"July 27, 2003",250mx,Washougal Motocross Park
https://vault.racerxonline.com/2003-08-17/125mx/spring-creek-motocross-park,Spring Creek Motocross - 125MX,"August 17, 2003",125mx,Spring Creek Motocross Park
https://vault.racerxonline.com/2003-08-17/250mx/spring-creek-motocross-park,Spring Creek Motocross - 250MX,"August 17, 2003",250mx,Spring Creek Motocross Park
https://vault.racerxonline.com/2003-08-24/125mx/broome-tioga-sports-center,Broome-Tioga Sports Center - 125MX,"August 24, 2003",125mx,Broome Tioga Sports Center
https://vault.racerxonline.com/2003-08-24/250mx/broome-tioga-sports-center,Broome-Tioga Sports Center - 250MX,"August 24, 2003",250mx,Broome Tioga Sports Center
https://vault.racerxonline.com/2003-08-31/125mx/steel-city-raceway,Steel City Raceway - 125MX,"August 31, 2003",125mx,Steel City Raceway
https://vault.racerxonline.com/2003-08-31/250mx/steel-city-raceway,Steel City Raceway - 250MX,"August 31, 2003",250mx,Steel City Raceway
https://vault.racerxonline.com/2004-01-03/125wsx/angel-stadium,Anaheim 1 - 125WSX,"January 3, 2004",125wsx,Angel Stadium
https://vault.racerxonline.com/2004-01-03/250sx/angel-stadium,Anaheim 1 - 250SX,"January 3, 2004",250sx,Angel Stadium
https://vault.racerxonline.com/2004-01-10/125wsx/bank-one-ballpark,Phoenix - 125WSX,"January 10, 2004",125wsx,Bank One Ballpark
https://vault.racerxonline.com/2004-01-10/250sx/bank-one-ballpark,Phoenix - 250SX,"January 10, 2004",250sx,Bank One Ballpark
https://vault.racerxonline.com/2004-01-17/125wsx/angel-stadium,Anaheim 2 - 125WSX,"January 17, 2004",125wsx,Angel Stadium
https://vault.racerxonline.com/2004-01-17/250sx/angel-stadium,Anaheim 2 - 250SX,"January 17, 2004",250sx,Angel Stadium
https://vault.racerxonline.com/2004-01-24/125wsx/qualcomm-stadium,San Diego - 125WSX,"January 24, 2004",125wsx,Qualcomm Stadium
https://vault.racerxonline.com/2004-01-24/250sx/qualcomm-stadium,San Diego - 250SX,"January 24, 2004",250sx,Qualcomm Stadium
https://vault.racerxonline.com/2004-01-31/125wsx/angel-stadium,Anaheim 3 - 125WSX,"January 31, 2004",125wsx,Angel Stadium
https://vault.racerxonline.com/2004-01-31/250sx/angel-stadium,Anaheim 3 - 250SX,"January 31, 2004",250sx,Angel Stadium
https://vault.racerxonline.com/2004-02-07/125wsx/oracle-park,San Francisco - 125WSX,"February 7, 2004",125wsx,Oracle Park
https://vault.racerxonline.com/2004-02-07/250sx/oracle-park,San Francisco - 250SX,"February 7, 2004",250sx,Oracle Park
https://vault.racerxonline.com/2004-02-14/125esx/reliant-stadium,Houston - 125ESX,"February 14, 2004",125esx,Reliant Stadium
https://vault.racerxonline.com/2004-02-14/250sx/reliant-stadium,Houston - 250SX,"February 14, 2004",250sx,Reliant Stadium
https://vault.racerxonline.com/2004-02-21/125esx/metrodome,Minneapolis - 125ESX,"February 21, 2004",125esx,Metrodome
https://vault.racerxonline.com/2004-02-21/250sx/metrodome,Minneapolis - 250SX,"February 21, 2004",250sx,Metrodome
https://vault.racerxonline.com/2004-02-28/125esx/georgia-dome,Atlanta - 125ESX,"February 28, 2004",125esx,Georgia Dome
https://vault.racerxonline.com/2004-02-28/250sx/georgia-dome,Atlanta - 250SX,"February 28, 2004",250sx,Georgia Dome
https://vault.racerxonline.com/2004-03-05/125esx/daytona-international-speedway,Daytona - 125ESX,"March 5, 2004",125esx,Daytona International Speedway
https://vault.racerxonline.com/2004-03-05/250sx/daytona-international-speedway,Daytona - 250SX,"March 5, 2004",250sx,Daytona International Speedway
https://vault.racerxonline.com/2004-03-13/125esx/edward-jones-dome,St. Louis - 125ESX,"March 13, 2004",125esx,Edward Jones Dome
https://vault.racerxonline.com/2004-03-13/250sx/edward-jones-dome,St. Louis - 250SX,"March 13, 2004",250sx,Edward Jones Dome
https://vault.racerxonline.com/2004-03-20/125esx/rca-dome,Indianapolis - 125ESX,"March 20, 2004",125esx,Rca Dome
https://vault.racerxonline.com/2004-03-20/250sx/rca-dome,Indianapolis - 250SX,"March 20, 2004",250sx,Rca Dome
https://vault.racerxonline.com/2004-04-03/125esx/silverdome,Pontiac - 125ESX,"April 3, 2004",125esx,Silverdome
https://vault.racerxonline.com/2004-04-03/250sx/silverdome,Pontiac - 250SX,"April 3, 2004",250sx,Silverdome
https://vault.racerxonline.com/2004-04-17/125wsx/texas-stadium,Irving - 125WSX,"April 17, 2004",125wsx,Texas Stadium
https://vault.racerxonline.com/2004-04-17/250sx/texas-stadium,Irving - 250SX,"April 17, 2004",250sx,Texas Stadium
https://vault.racerxonline.com/2004-04-24/125wsx/rice-eccles-stadium,Salt Lake City - 125WSX,"April 24, 2004",125wsx,Rice Eccles Stadium
https://vault.racerxonline.com/2004-04-24/250sx/rice-eccles-stadium,Salt Lake City - 250SX,"April 24, 2004",250sx,Rice Eccles Stadium
https://vault.racerxonline.com/2004-05-01/125sxshootout/sam-boyd-stadium,Las Vegas - 125SX/Shootout,"May 1, 2004",125sxshootout,Sam Boyd Stadium
https://vault.racerxonline.com/2004-05-01/250sx/sam-boyd-stadium,Las Vegas - 250SX,"May 1, 2004",250sx,Sam Boyd Stadium
https://vault.racerxonline.com/2004-05-16/125mx/hangtown-motocross-classic,Hangtown Motocross Classic - 125MX,"May 16, 2004",125mx,Hangtown Motocross Classic
https://vault.racerxonline.com/2004-05-16/250mx/hangtown-motocross-classic,Hangtown Motocross Classic - 250MX,"May 16, 2004",250mx,Hangtown Motocross Classic
https://vault.racerxonline.com/2004-05-30/125mx/high-point-raceway,High Point Raceway - 125MX,"May 30, 2004",125mx,High Point Raceway
https://vault.racerxonline.com/2004-05-30/250mx/high-point-raceway,High Point Raceway - 250MX,"May 30, 2004",250mx,High Point Raceway
https://vault.racerxonline.com/2004-06-13/125mx/moto-x-338,Moto-X 338 - 125MX,"June 13, 2004",125mx,Moto X 338
https://vault.racerxonline.com/2004-06-13/250mx/moto-x-338,Moto-X 338 - 250MX,"June 13, 2004",250mx,Moto X 338
https://vault.racerxonline.com/2004-06-20/125mx/budds-creek-motocross-park,Budds Creek Motocross - 125MX,"June 20, 2004",125mx,Budds Creek Motocross Park
https://vault.racerxonline.com/2004-06-20/250mx/budds-creek-motocross-park,Budds Creek Motocross - 250MX,"June 20, 2004",250mx,Budds Creek Motocross Park
https://vault.racerxonline.com/2004-07-04/125mx/red-bud-track-n-trail,RedBud Track 'n Trail - 125MX,"July 4, 2004",125mx,Red Bud Track N Trail
https://vault.racerxonline.com/2004-07-04/250mx/red-bud-track-n-trail,RedBud Track 'n Trail - 250MX,"July 4, 2004",250mx,Red Bud Track N Trail
https://vault.racerxonline.com/2004-07-18/125mx/unadilla,Unadilla Motocross - 125MX,"July 18, 2004",125mx,Unadilla
https://vault.racerxonline.com/2004-07-18/250mx/unadilla,Unadilla Motocross - 250MX,"July 18, 2004",250mx,Unadilla
https://vault.racerxonline.com/2004-07-25/125mx/kenworthys-motocross-park,Kenworthy's Motocross Park - 125MX,"July 25, 2004",125mx,Kenworthys Motocross Park
https://vault.racerxonline.com/2004-07-25/250mx/kenworthys-motocross-park,Kenworthy's Motocross Park - 250MX,"July 25, 2004",250mx,Kenworthys Motocross Park
https://vault.racerxonline.com/2004-08-01/125mx/washougal-motocross-park,Washougal Motocross - 125MX,"August 1, 2004",125mx,Washougal Motocross Park
https://vault.racerxonline.com/2004-08-01/250mx/washougal-motocross-park,Washougal Motocross - 250MX,"August 1, 2004",250mx,Washougal Motocross Park
https://vault.racerxonline.com/2004-08-15/125mx/spring-creek-motocross-park,Spring Creek Motocross - 125MX,"August 15, 2004",125mx,Spring Creek Motocross Park
https://vault.racerxonline.com/2004-08-15/250mx/spring-creek-motocross-park,Spring Creek Motocross - 250MX,"August 15, 2004",250mx,Spring Creek Motocross Park
https://vault.racerxonline.com/2004-08-22/125mx/broome-tioga-sports-center,Broome-Tioga Sports Center - 125MX,"August 22, 2004",125mx,Broome Tioga Sports Center
https://vault.racerxonline.com/2004-08-22/250mx/broome-tioga-sports-center,Broome-Tioga Sports Center - 250MX,"August 22, 2004",250mx,Broome Tioga Sports Center
https://vault.racerxonline.com/2004-09-05/125mx/steel-city-raceway,Steel City Raceway - 125MX,"September 5, 2004",125mx,Steel City Raceway
https://vault.racerxonline.com/2004-09-05/250mx/steel-city-raceway,Steel City Raceway - 250MX,"September 5, 2004",250mx,Steel City Raceway
https://vault.racerxonline.com/2004-09-12/125mx/glen-helen-raceway,Glen Helen Raceway - 125MX,"September 12, 2004",125mx,Glen Helen Raceway
https://vault.racerxonline.com/2004-09-12/250mx/glen-helen-raceway,Glen Helen Raceway - 250MX,"September 12, 2004",250mx,Glen Helen Raceway
https://vault.racerxonline.com/2005-01-08/125wsx/angel-stadium,Anaheim 1 - 125WSX,"January 8, 2005",125wsx,Angel Stadium
https://vault.racerxonline.com/2005-01-08/250sx/angel-stadium,Anaheim 1 - 250SX,"January 8, 2005",250sx,Angel Stadium
https://vault.racerxonline.com/2005-01-15/125wsx/bank-one-ballpark,Phoenix - 125WSX,"January 15, 2005",125wsx,Bank One Ballpark
https://vault.racerxonline.com/2005-01-15/250sx/bank-one-ballpark,Phoenix - 250SX,"January 15, 2005",250sx,Bank One Ballpark
https://vault.racerxonline.com/2005-01-22/125wsx/angel-stadium,Anaheim 2 - 125WSX,"January 22, 2005",125wsx,Angel Stadium
https://vault.racerxonline.com/2005-01-22/250sx/angel-stadium,Anaheim 2 - 250SX,"January 22, 2005",250sx,Angel Stadium
https://vault.racerxonline.com/2005-01-29/125wsx/oracle-park,San Francisco - 125WSX,"January 29, 2005",125wsx,Oracle Park
https://vault.racerxonline.com/2005-01-29/250sx/oracle-park,San Francisco - 250SX,"January 29, 2005",250sx,Oracle Park
https://vault.racerxonline.com/2005-02-05/125wsx/angel-stadium,Anaheim 3 - 125WSX,"February 5, 2005",125wsx,Angel Stadium
https://vault.racerxonline.com/2005-02-05/250sx/angel-stadium,Anaheim 3 - 250SX,"February 5, 2005",250sx,Angel Stadium
https://vault.racerxonline.com/2005-02-12/125esx/rca-dome,Indianapolis - 125ESX,"February 12, 2005",125esx,Rca Dome
https://vault.racerxonline.com/2005-02-12/250sx/rca-dome,Indianapolis - 250SX,"February 12, 2005",250sx,Rca Dome
https://vault.racerxonline.com/2005-02-19/125wsx/qualcomm-stadium,San Diego - 125WSX,"February 19, 2005",125wsx,Qualcomm Stadium
https://vault.racerxonline.com/2005-02-19/250sx/qualcomm-stadium,San Diego - 250SX,"February 19, 2005",250sx,Qualcomm Stadium
https://vault.racerxonline.com/2005-02-26/125esx/georgia-dome,Atlanta - 125ESX,"February 26, 2005",125esx,Georgia Dome
https://vault.racerxonline.com/2005-02-26/250sx/georgia-dome,Atlanta - 250SX,"February 26, 2005",250sx,Georgia Dome
https://vault.racerxonline.com/2005-03-05/125esx/edward-jones-dome,St. Louis - 125ESX,"March 5, 2005",125esx,Edward Jones Dome
https://vault.racerxonline.com/2005-03-05/250sx/edward-jones-dome,St. Louis - 250SX,"March 5, 2005",250sx,Edward Jones Dome
https://vault.racerxonline.com/2005-03-11/125esx/daytona-international-speedway,Daytona - 125ESX,"March 11, 2005",125esx,Daytona International Speedway
https://vault.racerxonline.com/2005-03-11/250sx/daytona-international-speedway,Daytona - 250SX,"March 11, 2005",250sx,Daytona International Speedway
https://vault.racerxonline.com/2005-03-19/125esx/citrus-bowl,Orlando - 125ESX,"March 19, 2005",125esx,Citrus Bowl
https://vault.racerxonline.com/2005-03-19/250sx/citrus-bowl,Orlando - 250SX,"March 19, 2005",250sx,Citrus Bowl
https://vault.racerxonline.com/2005-04-02/125esx/texas-stadium,Irving - 125ESX,"April 2, 2005",125esx,Texas Stadium
https://vault.racerxonline.com/2005-04-02/250sx/texas-stadium,Irving - 250SX,"April 2, 2005",250sx,Texas Stadium
https://vault.racerxonline.com/2005-04-09/125esx/silverdome,Pontiac - 125ESX,"April 9, 2005",125esx,Silverdome
https://vault.racerxonline.com/2005-04-09/250sx/silverdome,Pontiac - 250SX,"April 9, 2005",250sx,Silverdome
https://vault.racerxonline.com/2005-04-16/125wsx/lumen-field,Seattle - 125WSX,"April 16, 2005",125wsx,Lumen Field
https://vault.racerxonline.com/2005-04-16/250sx/lumen-field,Seattle - 250SX,"April 16, 2005",250sx,Lumen Field
https://vault.racerxonline.com/2005-04-30/125wsx/reliant-stadium,Houston - 125WSX,"April 30, 2005",125wsx,Reliant Stadium
https://vault.racerxonline.com/2005-04-30/250sx/reliant-stadium,Houston - 250SX,"April 30, 2005",250sx,Reliant Stadium
https://vault.racerxonline.com/2005-05-07/125sxshootout/sam-boyd-stadium,Las Vegas - 125SX/Shootout,"May 7, 2005",125sxshootout,Sam Boyd Stadium
https://vault.racerxonline.com/2005-05-07/250sx/sam-boyd-stadium,Las Vegas - 250SX,"May 7, 2005",250sx,Sam Boyd Stadium
https://vault.racerxonline.com/2005-05-22/125mx/hangtown-motocross-classic,Hangtown Motocross Classic - 125MX,"May 22, 2005",125mx,Hangtown Motocross Classic
https://vault.racerxonline.com/2005-05-22/250mx/hangtown-motocross-classic,Hangtown Motocross Classic - 250MX,"May 22, 2005",250mx,Hangtown Motocross Classic
https://vault.racerxonline.com/2005-05-29/125mx/high-point-raceway,High Point Raceway - 125MX,"May 29, 2005",125mx,High Point Raceway
https://vault.racerxonline.com/2005-05-29/250mx/high-point-raceway,High Point Raceway - 250MX,"May 29, 2005",250mx,High Point Raceway
https://vault.racerxonline.com/2005-06-12/125mx/moto-x-338,Moto-X 338 - 125MX,"June 12, 2005",125mx,Moto X 338
https://vault.racerxonline.com/2005-06-12/250mx/moto-x-338,Moto-X 338 - 250MX,"June 12, 2005",250mx,Moto X 338
https://vault.racerxonline.com/2005-06-19/125mx/budds-creek-motocross-park,Budds Creek Motocross - 125MX,"June 19, 2005",125mx,Budds Creek Motocross Park
https://vault.racerxonline.com/2005-06-19/250mx/budds-creek-motocross-park,Budds Creek Motocross - 250MX,"June 19, 2005",250mx,Budds Creek Motocross Park
https://vault.racerxonline.com/2005-07-03/125mx/red-bud-track-n-trail,RedBud Track 'n Trail - 125MX,"July 3, 2005",125mx,Red Bud Track N Trail
https://vault.racerxonline.com/2005-07-03/250mx/red-bud-track-n-trail,RedBud Track 'n Trail - 250MX,"July 3, 2005",250mx,Red Bud Track N Trail
https://vault.racerxonline.com/2005-07-17/125mx/unadilla,Unadilla Motocross - 125MX,"July 17, 2005",125mx,Unadilla
https://vault.racerxonline.com/2005-07-17/250mx/unadilla,Unadilla Motocross - 250MX,"July 17, 2005",250mx,Unadilla
https://vault.racerxonline.com/2005-07-24/125mx/thunder-valley-motocross-park,Thunder Valley Motocross - 125MX,"July 24, 2005",125mx,Thunder Valley Motocross Park
https://vault.racerxonline.com/2005-07-24/250mx/thunder-valley-motocross-park,Thunder Valley Motocross - 250MX,"July 24, 2005",250mx,Thunder Valley Motocross Park
https://vault.racerxonline.com/2005-07-31/125mx/washougal-motocross-park,Washougal Motocross - 125MX,"July 31, 2005",125mx,Washougal Motocross Park
https://vault.racerxonline.com/2005-07-31/250mx/washougal-motocross-park,Washougal Motocross - 250MX,"July 31, 2005",250mx,Washougal Motocross Park
https://vault.racerxonline.com/2005-08-14/125mx/spring-creek-motocross-park,Spring Creek Motocross - 125MX,"August 14, 2005",125mx,Spring Creek Motocross Park
https://vault.racerxonline.com/2005-08-14/250mx/spring-creek-motocross-park,Spring Creek Motocross - 250MX,"August 14, 2005",250mx,Spring Creek Motocross Park
https://vault.racerxonline.com/2005-08-21/125mx/broome-tioga-sports-center,Broome-Tioga Sports Center - 125MX,"August 21, 2005",125mx,Broome Tioga Sports Center
https://vault.racerxonline.com/2005-08-21/250mx/broome-tioga-sports-center,Broome-Tioga Sports Center - 250MX,"August 21, 2005",250mx,Broome Tioga Sports Center
https://vault.racerxonline.com/2005-09-04/125mx/steel-city-raceway,Steel City Raceway - 125MX,"September 4, 2005",125mx,Steel City Raceway
https://vault.racerxonline.com/2005-09-04/250mx/steel-city-raceway,Steel City Raceway - 250MX,"September 4, 2005",250mx,Steel City Raceway
https://vault.racerxonline.com/2005-09-11/125mx/glen-helen-raceway,Glen Helen Raceway - 125MX,"September 11, 2005",125mx,Glen Helen Raceway
https://vault.racerxonline.com/2005-09-11/250mx/glen-helen-raceway,Glen Helen Raceway - 250MX,"September 11, 2005",250mx,Glen Helen Raceway
https://vault.racerxonline.com/2006-01-07/sx-lites-w/angel-stadium,Anaheim 1 - SX LITES W,"January 7, 2006",sx-lites-w,Angel Stadium
https://vault.racerxonline.com/2006-01-07/sx/angel-stadium,Anaheim 1 - SX,"January 7, 2006",sx,Angel Stadium
https://vault.racerxonline.com/2006-01-14/sx-lites-w/chase-field,Phoenix - SX LITES W,"January 14, 2006",sx-lites-w,Chase Field
https://vault.racerxonline.com/2006-01-14/sx/chase-field,Phoenix - SX,"January 14, 2006",sx,Chase Field
https://vault.racerxonline.com/2006-01-21/sx-lites-w/angel-stadium,Anaheim 2 - SX LITES W,"January 21, 2006",sx-lites-w,Angel Stadium
https://vault.racerxonline.com/2006-01-21/sx/angel-stadium,Anaheim 2 - SX,"January 21, 2006",sx,Angel Stadium
https://vault.racerxonline.com/2006-01-28/sx-lites-w/oracle-park,San Francisco - SX LITES W,"January 28, 2006",sx-lites-w,Oracle Park
https://vault.racerxonline.com/2006-01-28/sx/oracle-park,San Francisco - SX,"January 28, 2006",sx,Oracle Park
https://vault.racerxonline.com/2006-02-04/sx-lites-w/angel-stadium,Anaheim 3 - SX LITES W,"February 4, 2006",sx-lites-w,Angel Stadium
https://vault.racerxonline.com/2006-02-04/sx/angel-stadium,Anaheim 3 - SX,"February 4, 2006",sx,Angel Stadium
https://vault.racerxonline.com/2006-02-11/sx-lites-w/qualcomm-stadium,San Diego - SX LITES W,"February 11, 2006",sx-lites-w,Qualcomm Stadium
https://vault.racerxonline.com/2006-02-11/sx/qualcomm-stadium,San Diego - SX,"February 11, 2006",sx,Qualcomm Stadium
https://vault.racerxonline.com/2006-02-18/sx-lites-e/edward-jones-dome,St. Louis - SX LITES E,"February 18, 2006",sx-lites-e,Edward Jones Dome
https://vault.racerxonline.com/2006-02-18/sx/edward-jones-dome,St. Louis - SX,"February 18, 2006",sx,Edward Jones Dome
https://vault.racerxonline.com/2006-02-25/sx-lites-e/georgia-dome,Atlanta - SX LITES E,"February 25, 2006",sx-lites-e,Georgia Dome
https://vault.racerxonline.com/2006-02-25/sx/georgia-dome,Atlanta - SX,"February 25, 2006",sx,Georgia Dome
https://vault.racerxonline.com/2006-03-04/sx-lites-e/rca-dome,Indianapolis - SX LITES E,"March 4, 2006",sx-lites-e,Rca Dome
https://vault.racerxonline.com/2006-03-04/sx/rca-dome,Indianapolis - SX,"March 4, 2006",sx,Rca Dome
https://vault.racerxonline.com/2006-03-10/sx-lites-e/daytona-international-speedway,Daytona - SX LITES E,"March 10, 2006",sx-lites-e,Daytona International Speedway
https://vault.racerxonline.com/2006-03-10/sx/daytona-international-speedway,Daytona - SX,"March 10, 2006",sx,Daytona International Speedway
https://vault.racerxonline.com/2006-03-18/sx-lites-e/citrus-bowl,Orlando - SX LITES E,"March 18, 2006",sx-lites-e,Citrus Bowl
https://vault.racerxonline.com/2006-03-18/sx/citrus-bowl,Orlando - SX,"March 18, 2006",sx,Citrus Bowl
https://vault.racerxonline.com/2006-03-25/sx-lites-e/ford-field,Detroit - SX LITES E,"March 25, 2006",sx-lites-e,Ford Field
https://vault.racerxonline.com/2006-03-25/sx/ford-field,Detroit - SX,"March 25, 2006",sx,Ford Field
https://vault.racerxonline.com/2006-04-01/sx-lites-e/reliant-stadium,Houston - SX LITES E,"April 1, 2006",sx-lites-e,Reliant Stadium
https://vault.racerxonline.com/2006-04-01/sx/reliant-stadium,Houston - SX,"April 1, 2006",sx,Reliant Stadium
https://vault.racerxonline.com/2006-04-22/sx-lites-w/texas-stadium,Irving - SX LITES W,"April 22, 2006",sx-lites-w,Texas Stadium
https://vault.racerxonline.com/2006-04-22/sx/texas-stadium,Irving - SX,"April 22, 2006",sx,Texas Stadium
https://vault.racerxonline.com/2006-04-29/sx-lites-w/lumen-field,Seattle - SX LITES W,"April 29, 2006",sx-lites-w,Lumen Field
https://vault.racerxonline.com/2006-04-29/sx/lumen-field,Seattle - SX,"April 29, 2006",sx,Lumen Field
https://vault.racerxonline.com/2006-05-06/lites-shootout/sam-boyd-stadium,Las Vegas - LITES SHOOTOUT,"May 6, 2006",lites-shootout,Sam Boyd Stadium
https://vault.racerxonline.com/2006-05-06/sx/sam-boyd-stadium,Las Vegas - SX,"May 6, 2006",sx,Sam Boyd Stadium
https://vault.racerxonline.com/2006-05-21/mx-lites/hangtown-motocross-classic,Hangtown Motocross Classic - MX LITES,"May 21, 2006",mx-lites,Hangtown Motocross Classic
https://vault.racerxonline.com/2006-05-21/mx/hangtown-motocross-classic,Hangtown Motocross Classic - MX,"May 21, 2006",mx,Hangtown Motocross Classic
https://vault.racerxonline.com/2006-05-28/mx-lites/high-point-raceway,High Point Raceway - MX LITES,"May 28, 2006",mx-lites,High Point Raceway
https://vault.racerxonline.com/2006-05-28/mx/high-point-raceway,High Point Raceway - MX,"May 28, 2006",mx,High Point Raceway
https://vault.racerxonline.com/2006-06-11/mx-lites/moto-x-338,Moto-X 338 - MX LITES,"June 11, 2006",mx-lites,Moto X 338
https://vault.racerxonline.com/2006-06-11/mx/moto-x-338,Moto-X 338 - MX,"June 11, 2006",mx,Moto X 338
https://vault.racerxonline.com/2006-06-18/mx-lites/budds-creek-motocross-park,Budds Creek Motocross - MX LITES,"June 18, 2006",mx-lites,Budds Creek Motocross Park
https://vault.racerxonline.com/2006-06-18/mx/budds-creek-motocross-park,Budds Creek Motocross - MX,"June 18, 2006",mx,Budds Creek Motocross Park
https://vault.racerxonline.com/2006-07-02/mx-lites/red-bud-track-n-trail,RedBud Track 'n Trail - MX LITES,"July 2, 2006",mx-lites,Red Bud Track N Trail
https://vault.racerxonline.com/2006-07-02/mx/red-bud-track-n-trail,RedBud Track 'n Trail - MX,"July 2, 2006",mx,Red Bud Track N Trail
https://vault.racerxonline.com/2006-07-16/mx-lites/unadilla,Unadilla Motocross - MX LITES,"July 16, 2006",mx-lites,Unadilla
https://vault.racerxonline.com/2006-07-16/mx/unadilla,Unadilla Motocross - MX,"July 16, 2006",mx,Unadilla
https://vault.racerxonline.com/2006-07-23/mx-lites/thunder-valley-motocross-park,Thunder Valley Motocross - MX LITES,"July 23, 2006",mx-lites,Thunder Valley Motocross Park
https://vault.racerxonline.com/2006-07-23/mx/thunder-valley-motocross-park,Thunder Valley Motocross - MX,"July 23, 2006",mx,Thunder Valley Motocross Park
https://vault.racerxonline.com/2006-07-30/mx-lites/washougal-motocross-park,Washougal Motocross - MX LITES,"July 30, 2006",mx-lites,Washougal Motocross Park
https://vault.racerxonline.com/2006-07-30/mx/washougal-motocross-park,Washougal Motocross - MX,"July 30, 2006",mx,Washougal Motocross Park
https://vault.racerxonline.com/2006-08-13/mx-lites/spring-creek-motocross-park,Spring Creek Motocross - MX LITES,"August 13, 2006",mx-lites,Spring Creek Motocross Park
https://vault.racerxonline.com/2006-08-13/mx/spring-creek-motocross-park,Spring Creek Motocross - MX,"August 13, 2006",mx,Spring Creek Motocross Park
https://vault.racerxonline.com/2006-08-20/mx-lites/broome-tioga-sports-center,Broome-Tioga Sports Center - MX LITES,"August 20, 2006",mx-lites,Broome Tioga Sports Center
https://vault.racerxonline.com/2006-08-20/mx/broome-tioga-sports-center,Broome-Tioga Sports Center - MX,"August 20, 2006",mx,Broome Tioga Sports Center
https://vault.racerxonline.com/2006-09-03/mx-lites/steel-city-raceway,Steel City Raceway - MX LITES,"September 3, 2006",mx-lites,Steel City Raceway
https://vault.racerxonline.com/2006-09-03/mx/steel-city-raceway,Steel City Raceway - MX,"September 3, 2006",mx,Steel City Raceway
https://vault.racerxonline.com/2006-09-10/mx-lites/glen-helen-raceway,Glen Helen Raceway - MX LITES,"September 10, 2006",mx-lites,Glen Helen Raceway
https://vault.racerxonline.com/2006-09-10/mx/glen-helen-raceway,Glen Helen Raceway - MX,"September 10, 2006",mx,Glen Helen Raceway
https://vault.racerxonline.com/2007-01-06/sx-lites-w/angel-stadium,Anaheim 1 - SX LITES W,"January 6, 2007",sx-lites-w,Angel Stadium
https://vault.racerxonline.com/2007-01-06/sx/angel-stadium,Anaheim 1 - SX,"January 6, 2007",sx,Angel Stadium
https://vault.racerxonline.com/2007-01-13/sx-lites-w/chase-field,Phoenix - SX LITES W,"January 13, 2007",sx-lites-w,Chase Field
https://vault.racerxonline.com/2007-01-13/sx/chase-field,Phoenix - SX,"January 13, 2007",sx,Chase Field
https://vault.racerxonline.com/2007-01-20/sx-lites-w/angel-stadium,Anaheim 2 - SX LITES W,"January 20, 2007",sx-lites-w,Angel Stadium
https://vault.racerxonline.com/2007-01-20/sx/angel-stadium,Anaheim 2 - SX,"January 20, 2007",sx,Angel Stadium
https://vault.racerxonline.com/2007-01-27/sx-lites-w/oracle-park,San Francisco - SX LITES W,"January 27, 2007",sx-lites-w,Oracle Park
https://vault.racerxonline.com/2007-01-27/sx/oracle-park,San Francisco - SX,"January 27, 2007",sx,Oracle Park
https://vault.racerxonline.com/2007-02-03/sx-lites-w/angel-stadium,Anaheim 3 - SX LITES W,"February 3, 2007",sx-lites-w,Angel Stadium
https://vault.racerxonline.com/2007-02-03/sx/angel-stadium,Anaheim 3 - SX,"February 3, 2007",sx,Angel Stadium
https://vault.racerxonline.com/2007-02-10/sx-lites-w/reliant-stadium,Houston - SX LITES W,"February 10, 2007",sx-lites-w,Reliant Stadium
https://vault.racerxonline.com/2007-02-10/sx/reliant-stadium,Houston - SX,"February 10, 2007",sx,Reliant Stadium
https://vault.racerxonline.com/2007-02-17/sx-lites-w/qualcomm-stadium,San Diego - SX LITES W,"February 17, 2007",sx-lites-w,Qualcomm Stadium
https://vault.racerxonline.com/2007-02-17/sx/qualcomm-stadium,San Diego - SX,"February 17, 2007",sx,Qualcomm Stadium
https://vault.racerxonline.com/2007-02-24/sx-lites-e/georgia-dome,Atlanta - SX LITES E,"February 24, 2007",sx-lites-e,Georgia Dome
https://vault.racerxonline.com/2007-02-24/sx/georgia-dome,Atlanta - SX,"February 24, 2007",sx,Georgia Dome
https://vault.racerxonline.com/2007-03-03/sx-lites-e/edward-jones-dome,St. Louis - SX LITES E,"March 3, 2007",sx-lites-e,Edward Jones Dome
https://vault.racerxonline.com/2007-03-03/sx/edward-jones-dome,St. Louis - SX,"March 3, 2007",sx,Edward Jones Dome
https://vault.racerxonline.com/2007-03-09/sx-lites-e/daytona-international-speedway,Daytona - SX LITES E,"March 9, 2007",sx-lites-e,Daytona International Speedway
https://vault.racerxonline.com/2007-03-09/sx/daytona-international-speedway,Daytona - SX,"March 9, 2007",sx,Daytona International Speedway
https://vault.racerxonline.com/2007-03-17/sx-lites-e/citrus-bowl,Orlando - SX LITES E,"March 17, 2007",sx-lites-e,Citrus Bowl
https://vault.racerxonline.com/2007-03-17/sx/citrus-bowl,Orlando - SX,"March 17, 2007",sx,Citrus Bowl
https://vault.racerxonline.com/2007-03-24/sx-lites-e/rca-dome,Indianapolis - SX LITES E,"March 24, 2007",sx-lites-e,Rca Dome
https://vault.racerxonline.com/2007-03-24/sx/rca-dome,Indianapolis - SX,"March 24, 2007",sx,Rca Dome
https://vault.racerxonline.com/2007-03-31/sx-lites-e/texas-stadium,Irving - SX LITES E,"March 31, 2007",sx-lites-e,Texas Stadium
https://vault.racerxonline.com/2007-03-31/sx/texas-stadium,Irving - SX,"March 31, 2007",sx,Texas Stadium
https://vault.racerxonline.com/2007-04-21/sx-lites-e/ford-field,Detroit - SX LITES E,"April 21, 2007",sx-lites-e,Ford Field
https://vault.racerxonline.com/2007-04-21/sx/ford-field,Detroit - SX,"April 21, 2007",sx,Ford Field
https://vault.racerxonline.com/2007-04-28/sx-lites-w/lumen-field,Seattle - SX LITES W,"April 28, 2007",sx-lites-w,Lumen Field
https://vault.racerxonline.com/2007-04-28/sx/lumen-field,Seattle - SX,"April 28, 2007",sx,Lumen Field
https://vault.racerxonline.com/2007-05-05/lites-shootout/sam-boyd-stadium,Las Vegas - LITES SHOOTOUT,"May 5, 2007",lites-shootout,Sam Boyd Stadium
https://vault.racerxonline.com/2007-05-05/sx/sam-boyd-stadium,Las Vegas - SX,"May 5, 2007",sx,Sam Boyd Stadium
https://vault.racerxonline.com/2007-05-20/mx-lites/hangtown-motocross-classic,Hangtown Motocross Classic - MX LITES,"May 20, 2007",mx-lites,Hangtown Motocross Classic
https://vault.racerxonline.com/2007-05-20/mx/hangtown-motocross-classic,Hangtown Motocross Classic - MX,"May 20, 2007",mx,Hangtown Motocross Classic
https://vault.racerxonline.com/2007-05-27/mx-lites/high-point-raceway,High Point Raceway - MX LITES,"May 27, 2007",mx-lites,High Point Raceway
https://vault.racerxonline.com/2007-05-27/mx/high-point-raceway,High Point Raceway - MX,"May 27, 2007",mx,High Point Raceway
https://vault.racerxonline.com/2007-06-10/mx-lites/moto-x-338,Moto-X 338 - MX LITES,"June 10, 2007",mx-lites,Moto X 338
https://vault.racerxonline.com/2007-06-10/mx/moto-x-338,Moto-X 338 - MX,"June 10, 2007",mx,Moto X 338
https://vault.racerxonline.com/2007-06-17/mx-lites/budds-creek-motocross-park,Budds Creek Motocross - MX LITES,"June 17, 2007",mx-lites,Budds Creek Motocross Park
https://vault.racerxonline.com/2007-06-17/mx/budds-creek-motocross-park,Budds Creek Motocross - MX,"June 17, 2007",mx,Budds Creek Motocross Park
https://vault.racerxonline.com/2007-07-01/mx-lites/red-bud-track-n-trail,RedBud Track 'n Trail - MX LITES,"July 1, 2007",mx-lites,Red Bud Track N Trail
https://vault.racerxonline.com/2007-07-01/mx/red-bud-track-n-trail,RedBud Track 'n Trail - MX,"July 1, 2007",mx,Red Bud Track N Trail
https://vault.racerxonline.com/2007-07-15/mx-lites/unadilla,Unadilla Motocross - MX LITES,"July 15, 2007",mx-lites,Unadilla
https://vault.racerxonline.com/2007-07-15/mx/unadilla,Unadilla Motocross - MX,"July 15, 2007",mx,Unadilla
https://vault.racerxonline.com/2007-07-22/mx-lites/thunder-valley-motocross-park,Thunder Valley Motocross - MX LITES,"July 22, 2007",mx-lites,Thunder Valley Motocross Park
https://vault.racerxonline.com/2007-07-22/mx/thunder-valley-motocross-park,Thunder Valley Motocross - MX,"July 22, 2007",mx,Thunder Valley Motocross Park
https://vault.racerxonline.com/2007-07-29/mx-lites/washougal-motocross-park,Washougal Motocross - MX LITES,"July 29, 2007",mx-lites,Washougal Motocross Park
https://vault.racerxonline.com/2007-07-29/mx/washougal-motocross-park,Washougal Motocross - MX,"July 29, 2007",mx,Washougal Motocross Park
https://vault.racerxonline.com/2007-08-12/mx-lites/spring-creek-motocross-park,Spring Creek Motocross - MX LITES,"August 12, 2007",mx-lites,Spring Creek Motocross Park
https://vault.racerxonline.com/2007-08-12/mx/spring-creek-motocross-park,Spring Creek Motocross - MX,"August 12, 2007",mx,Spring Creek Motocross Park
https://vault.racerxonline.com/2007-08-26/mx-lites/steel-city-raceway,Steel City Raceway - MX LITES,"August 26, 2007",mx-lites,Steel City Raceway
https://vault.racerxonline.com/2007-08-26/mx/steel-city-raceway,Steel City Raceway - MX,"August 26, 2007",mx,Steel City Raceway
https://vault.racerxonline.com/2007-09-02/mx-lites/freestone-raceway,Freestone Raceway - MX LITES,"September 2, 2007",mx-lites,Freestone Raceway
https://vault.racerxonline.com/2007-09-02/mx/freestone-raceway,Freestone Raceway - MX,"September 2, 2007",mx,Freestone Raceway
https://vault.racerxonline.com/2007-09-09/mx-lites/glen-helen-raceway,Glen Helen Raceway - MX LITES,"September 9, 2007",mx-lites,Glen Helen Raceway
https://vault.racerxonline.com/2007-09-09/mx/glen-helen-raceway,Glen Helen Raceway - MX,"September 9, 2007",mx,Glen Helen Raceway
https://vault.racerxonline.com/2008-01-05/sx-lites-w/angel-stadium,Anaheim 1 - SX LITES W,"January 5, 2008",sx-lites-w,Angel Stadium
https://vault.racerxonline.com/2008-01-05/sx/angel-stadium,Anaheim 1 - SX,"January 5, 2008",sx,Angel Stadium
https://vault.racerxonline.com/2008-01-12/sx-lites-w/chase-field,Phoenix - SX LITES W,"January 12, 2008",sx-lites-w,Chase Field
https://vault.racerxonline.com/2008-01-12/sx/chase-field,Phoenix - SX,"January 12, 2008",sx,Chase Field
https://vault.racerxonline.com/2008-01-19/sx-lites-w/angel-stadium,Anaheim 2 - SX LITES W,"January 19, 2008",sx-lites-w,Angel Stadium
https://vault.racerxonline.com/2008-01-19/sx/angel-stadium,Anaheim 2 - SX,"January 19, 2008",sx,Angel Stadium
https://vault.racerxonline.com/2008-01-26/sx-lites-w/oracle-park,San Francisco - SX LITES W,"January 26, 2008",sx-lites-w,Oracle Park
https://vault.racerxonline.com/2008-01-26/sx/oracle-park,San Francisco - SX,"January 26, 2008",sx,Oracle Park
https://vault.racerxonline.com/2008-02-02/sx-lites-w/angel-stadium,Anaheim 3 - SX LITES W,"February 2, 2008",sx-lites-w,Angel Stadium
https://vault.racerxonline.com/2008-02-02/sx/angel-stadium,Anaheim 3 - SX,"February 2, 2008",sx,Angel Stadium
https://vault.racerxonline.com/2008-02-09/sx-lites-w/qualcomm-stadium,San Diego - SX LITES W,"February 9, 2008",sx-lites-w,Qualcomm Stadium
https://vault.racerxonline.com/2008-02-09/sx/qualcomm-stadium,San Diego - SX,"February 9, 2008",sx,Qualcomm Stadium
https://vault.racerxonline.com/2008-02-16/sx-lites-w/reliant-stadium,Houston - SX LITES W,"February 16, 2008",sx-lites-w,Reliant Stadium
https://vault.racerxonline.com/2008-02-16/sx/reliant-stadium,Houston - SX,"February 16, 2008",sx,Reliant Stadium
https://vault.racerxonline.com/2008-02-23/sx-lites-e/georgia-dome,Atlanta - SX LITES E,"February 23, 2008",sx-lites-e,Georgia Dome
https://vault.racerxonline.com/2008-02-23/sx/georgia-dome,Atlanta - SX,"February 23, 2008",sx,Georgia Dome
https://vault.racerxonline.com/2008-03-01/sx-lites-e/rca-dome,Indianapolis - SX LITES E,"March 1, 2008",sx-lites-e,Rca Dome
https://vault.racerxonline.com/2008-03-01/sx/rca-dome,Indianapolis - SX,"March 1, 2008",sx,Rca Dome
https://vault.racerxonline.com/2008-03-07/sx-lites-e/daytona-international-speedway,Daytona - SX LITES E,"March 7, 2008",sx-lites-e,Daytona International Speedway
https://vault.racerxonline.com/2008-03-07/sx/daytona-international-speedway,Daytona - SX,"March 7, 2008",sx,Daytona International Speedway
https://vault.racerxonline.com/2008-03-15/sx-lites-e/metrodome,Minneapolis - SX LITES E,"March 15, 2008",sx-lites-e,Metrodome
https://vault.racerxonline.com/2008-03-15/sx/metrodome,Minneapolis - SX,"March 15, 2008",sx,Metrodome
https://vault.racerxonline.com/2008-03-29/sx/rogers-centre,Toronto - SX,"March 29, 2008",sx,Rogers Centre
https://vault.racerxonline.com/2008-04-05/sx-lites-e/texas-stadium,Irving - SX LITES E,"April 5, 2008",sx-lites-e,Texas Stadium
https://vault.racerxonline.com/2008-04-05/sx/texas-stadium,Irving - SX,"April 5, 2008",sx,Texas Stadium
https://vault.racerxonline.com/2008-04-12/sx-lites-e/ford-field,Detroit - SX LITES E,"April 12, 2008",sx-lites-e,Ford Field
https://vault.racerxonline.com/2008-04-12/sx/ford-field,Detroit - SX,"April 12, 2008",sx,Ford Field
https://vault.racerxonline.com/2008-04-19/sx-lites-e/edward-jones-dome,St. Louis - SX LITES E,"April 19, 2008",sx-lites-e,Edward Jones Dome
https://vault.racerxonline.com/2008-04-19/sx/edward-jones-dome,St. Louis - SX,"April 19, 2008",sx,Edward Jones Dome
https://vault.racerxonline.com/2008-04-26/sx-lites-w/lumen-field,Seattle - SX LITES W,"April 26, 2008",sx-lites-w,Lumen Field
https://vault.racerxonline.com/2008-04-26/sx/lumen-field,Seattle - SX,"April 26, 2008",sx,Lumen Field
https://vault.racerxonline.com/2008-05-03/lites-shootout/sam-boyd-stadium,Las Vegas - LITES SHOOTOUT,"May 3, 2008",lites-shootout,Sam Boyd Stadium
https://vault.racerxonline.com/2008-05-03/sx/sam-boyd-stadium,Las Vegas - SX,"May 3, 2008",sx,Sam Boyd Stadium
https://vault.racerxonline.com/2008-05-25/mx-lites/glen-helen-raceway,Glen Helen Raceway - MX LITES,"May 25, 2008",mx-lites,Glen Helen Raceway
https://vault.racerxonline.com/2008-05-25/mx/glen-helen-raceway,Glen Helen Raceway - MX,"May 25, 2008",mx,Glen Helen Raceway
https://vault.racerxonline.com/2008-06-01/mx-lites/hangtown-motocross-classic,Hangtown Motocross Classic - MX LITES,"June 1, 2008",mx-lites,Hangtown Motocross Classic
https://vault.racerxonline.com/2008-06-01/mx/hangtown-motocross-classic,Hangtown Motocross Classic - MX,"June 1, 2008",mx,Hangtown Motocross Classic
https://vault.racerxonline.com/2008-06-08/mx-lites/freestone-raceway,Freestone Raceway - MX LITES,"June 8, 2008",mx-lites,Freestone Raceway
https://vault.racerxonline.com/2008-06-08/mx/freestone-raceway,Freestone Raceway - MX,"June 8, 2008",mx,Freestone Raceway
https://vault.racerxonline.com/2008-06-15/mx-lites/high-point-raceway,High Point Raceway - MX LITES,"June 15, 2008",mx-lites,High Point Raceway
https://vault.racerxonline.com/2008-06-15/mx/high-point-raceway,High Point Raceway - MX,"June 15, 2008",mx,High Point Raceway
https://vault.racerxonline.com/2008-06-29/mx-lites/thunder-valley-motocross-park,Thunder Valley Motocross - MX LITES,"June 29, 2008",mx-lites,Thunder Valley Motocross Park
https://vault.racerxonline.com/2008-06-29/mx/thunder-valley-motocross-park,Thunder Valley Motocross - MX,"June 29, 2008",mx,Thunder Valley Motocross Park
https://vault.racerxonline.com/2008-07-06/mx-lites/red-bud-track-n-trail,RedBud Track 'n Trail - MX LITES,"July 6, 2008",mx-lites,Red Bud Track N Trail
https://vault.racerxonline.com/2008-07-06/mx/red-bud-track-n-trail,RedBud Track 'n Trail - MX,"July 6, 2008",mx,Red Bud Track N Trail
https://vault.racerxonline.com/2008-07-13/mx-lites/budds-creek-motocross-park,Budds Creek Motocross - MX LITES,"July 13, 2008",mx-lites,Budds Creek Motocross Park
https://vault.racerxonline.com/2008-07-13/mx/budds-creek-motocross-park,Budds Creek Motocross - MX,"July 13, 2008",mx,Budds Creek Motocross Park
https://vault.racerxonline.com/2008-07-20/mx-lites/unadilla,Unadilla Motocross - MX LITES,"July 20, 2008",mx-lites,Unadilla
https://vault.racerxonline.com/2008-07-20/mx/unadilla,Unadilla Motocross - MX,"July 20, 2008",mx,Unadilla
https://vault.racerxonline.com/2008-07-27/mx-lites/washougal-motocross-park,Washougal Motocross - MX LITES,"July 27, 2008",mx-lites,Washougal Motocross Park
https://vault.racerxonline.com/2008-07-27/mx/washougal-motocross-park,Washougal Motocross - MX,"July 27, 2008",mx,Washougal Motocross Park
https://vault.racerxonline.com/2008-08-17/mx-lites/spring-creek-motocross-park,Spring Creek Motocross - MX LITES,"August 17, 2008",mx-lites,Spring Creek Motocross Park
https://vault.racerxonline.com/2008-08-17/mx/spring-creek-motocross-park,Spring Creek Motocross - MX,"August 17, 2008",mx,Spring Creek Motocross Park
https://vault.racerxonline.com/2008-08-24/mx-lites/moto-x-338,Moto-X 338 - MX LITES,"August 24, 2008",mx-lites,Moto X 338
https://vault.racerxonline.com/2008-08-24/mx/moto-x-338,Moto-X 338 - MX,"August 24, 2008",mx,Moto X 338
https://vault.racerxonline.com/2008-08-30/mx-lites/steel-city-raceway,Steel City Raceway - MX LITES,"August 30, 2008",mx-lites,Steel City Raceway
https://vault.racerxonline.com/2008-08-30/mx/steel-city-raceway,Steel City Raceway - MX,"August 30, 2008",mx,Steel City Raceway
https://vault.racerxonline.com/2009-01-03/sx-lites-w/angel-stadium,Anaheim 1 - SX LITES W,"January 3, 2009",sx-lites-w,Angel Stadium
https://vault.racerxonline.com/2009-01-03/sx/angel-stadium,Anaheim 1 - SX,"January 3, 2009",sx,Angel Stadium
https://vault.racerxonline.com/2009-01-10/sx-lites-w/chase-field,Phoenix - SX LITES W,"January 10, 2009",sx-lites-w,Chase Field
https://vault.racerxonline.com/2009-01-10/sx/chase-field,Phoenix - SX,"January 10, 2009",sx,Chase Field
https://vault.racerxonline.com/2009-01-17/sx-lites-w/angel-stadium,Anaheim 2 - SX LITES W,"January 17, 2009",sx-lites-w,Angel Stadium
https://vault.racerxonline.com/2009-01-17/sx/angel-stadium,Anaheim 2 - SX,"January 17, 2009",sx,Angel Stadium
https://vault.racerxonline.com/2009-01-24/sx-lites-e/reliant-stadium,Houston - SX LITES E,"January 24, 2009",sx-lites-e,Reliant Stadium
https://vault.racerxonline.com/2009-01-24/sx/reliant-stadium,Houston - SX,"January 24, 2009",sx,Reliant Stadium
https://vault.racerxonline.com/2009-01-31/sx-lites-w/oracle-park,San Francisco - SX LITES W,"January 31, 2009",sx-lites-w,Oracle Park
https://vault.racerxonline.com/2009-01-31/sx/oracle-park,San Francisco - SX,"January 31, 2009",sx,Oracle Park
https://vault.racerxonline.com/2009-02-07/sx-lites-w/angel-stadium,Anaheim 3 - SX LITES W,"February 7, 2009",sx-lites-w,Angel Stadium
https://vault.racerxonline.com/2009-02-07/sx/angel-stadium,Anaheim 3 - SX,"February 7, 2009",sx,Angel Stadium
https://vault.racerxonline.com/2009-02-14/sx-lites-w/qualcomm-stadium,San Diego - SX LITES W,"February 14, 2009",sx-lites-w,Qualcomm Stadium
https://vault.racerxonline.com/2009-02-14/sx/qualcomm-stadium,San Diego - SX,"February 14, 2009",sx,Qualcomm Stadium
https://vault.racerxonline.com/2009-02-21/sx-lites-e/georgia-dome,Atlanta - SX LITES E,"February 21, 2009",sx-lites-e,Georgia Dome
https://vault.racerxonline.com/2009-02-21/sx/georgia-dome,Atlanta - SX,"February 21, 2009",sx,Georgia Dome
https://vault.racerxonline.com/2009-02-28/sx-lites-e/lucas-oil-stadium,Indianapolis - SX LITES E,"February 28, 2009",sx-lites-e,Lucas Oil Stadium
https://vault.racerxonline.com/2009-02-28/sx/lucas-oil-stadium,Indianapolis - SX,"February 28, 2009",sx,Lucas Oil Stadium
https://vault.racerxonline.com/2009-03-07/sx-lites-e/daytona-international-speedway,Daytona - SX LITES E,"March 7, 2009",sx-lites-e,Daytona International Speedway
https://vault.racerxonline.com/2009-03-07/sx/daytona-international-speedway,Daytona - SX,"March 7, 2009",sx,Daytona International Speedway
https://vault.racerxonline.com/2009-03-14/sx-lites-e/superdome,New Orleans - SX LITES E,"March 14, 2009",sx-lites-e,Superdome
https://vault.racerxonline.com/2009-03-14/sx/superdome,New Orleans - SX,"March 14, 2009",sx,Superdome
https://vault.racerxonline.com/2009-03-21/sx-lites-e/edward-jones-dome,St. Louis - SX LITES E,"March 21, 2009",sx-lites-e,Edward Jones Dome
https://vault.racerxonline.com/2009-03-21/sx/edward-jones-dome,St. Louis - SX,"March 21, 2009",sx,Edward Jones Dome
https://vault.racerxonline.com/2009-03-28/sx-lites-e/rogers-centre,Toronto - SX LITES E,"March 28, 2009",sx-lites-e,Rogers Centre
https://vault.racerxonline.com/2009-03-28/sx/rogers-centre,Toronto - SX,"March 28, 2009",sx,Rogers Centre
https://vault.racerxonline.com/2009-04-04/sx-lites-e/jacksonville-municipal-stadium,Jacksonville - SX LITES E,"April 4, 2009",sx-lites-e,Jacksonville Municipal Stadium
https://vault.racerxonline.com/2009-04-04/sx/jacksonville-municipal-stadium,Jacksonville - SX,"April 4, 2009",sx,Jacksonville Municipal Stadium
https://vault.racerxonline.com/2009-04-18/sx-lites-w/lumen-field,Seattle - SX LITES W,"April 18, 2009",sx-lites-w,Lumen Field
https://vault.racerxonline.com/2009-04-18/sx/lumen-field,Seattle - SX,"April 18, 2009",sx,Lumen Field
https://vault.racerxonline.com/2009-04-25/sx-lites-w/rice-eccles-stadium,Salt Lake City - SX LITES W,"April 25, 2009",sx-lites-w,Rice Eccles Stadium
https://vault.racerxonline.com/2009-04-25/sx/rice-eccles-stadium,Salt Lake City - SX,"April 25, 2009",sx,Rice Eccles Stadium
https://vault.racerxonline.com/2009-05-02/lites-shootout/sam-boyd-stadium,Las Vegas - LITES SHOOTOUT,"May 2, 2009",lites-shootout,Sam Boyd Stadium
https://vault.racerxonline.com/2009-05-02/sx/sam-boyd-stadium,Las Vegas - SX,"May 2, 2009",sx,Sam Boyd Stadium
https://vault.racerxonline.com/2009-05-23/250/glen-helen-raceway,Glen Helen Raceway - 250,"May 23, 2009",250,Glen Helen Raceway
https://vault.racerxonline.com/2009-05-23/450/glen-helen-raceway,Glen Helen Raceway - 450,"May 23, 2009",450,Glen Helen Raceway
https://vault.racerxonline.com/2009-05-30/250/hangtown-motocross-classic,Hangtown Motocross Classic - 250,"May 30, 2009",250,Hangtown Motocross Classic
https://vault.racerxonline.com/2009-05-30/450/hangtown-motocross-classic,Hangtown Motocross Classic - 450,"May 30, 2009",450,Hangtown Motocross Classic
https://vault.racerxonline.com/2009-06-06/250/freestone-raceway,Freestone Raceway - 250,"June 6, 2009",250,Freestone Raceway
https://vault.racerxonline.com/2009-06-06/450/freestone-raceway,Freestone Raceway - 450,"June 6, 2009",450,Freestone Raceway
https://vault.racerxonline.com/2009-06-13/250/high-point-raceway,High Point Raceway - 250,"June 13, 2009",250,High Point Raceway
https://vault.racerxonline.com/2009-06-13/450/high-point-raceway,High Point Raceway - 450,"June 13, 2009",450,High Point Raceway
https://vault.racerxonline.com/2009-06-27/250/thunder-valley-motocross-park,Thunder Valley Motocross - 250,"June 27, 2009",250,Thunder Valley Motocross Park
https://vault.racerxonline.com/2009-06-27/450/thunder-valley-motocross-park,Thunder Valley Motocross - 450,"June 27, 2009",450,Thunder Valley Motocross Park
https://vault.racerxonline.com/2009-07-04/250/red-bud-track-n-trail,RedBud Track 'n Trail - 250,"July 4, 2009",250,Red Bud Track N Trail
https://vault.racerxonline.com/2009-07-04/450/red-bud-track-n-trail,RedBud Track 'n Trail - 450,"July 4, 2009",450,Red Bud Track N Trail
https://vault.racerxonline.com/2009-07-18/250/spring-creek-motocross-park,Spring Creek Motocross - 250,"July 18, 2009",250,Spring Creek Motocross Park
https://vault.racerxonline.com/2009-07-18/450/spring-creek-motocross-park,Spring Creek Motocross - 450,"July 18, 2009",450,Spring Creek Motocross Park
https://vault.racerxonline.com/2009-07-25/250/washougal-motocross-park,Washougal Motocross - 250,"July 25, 2009",250,Washougal Motocross Park
https://vault.racerxonline.com/2009-07-25/450/washougal-motocross-park,Washougal Motocross - 450,"July 25, 2009",450,Washougal Motocross Park
https://vault.racerxonline.com/2009-08-15/250/unadilla,Unadilla Motocross - 250,"August 15, 2009",250,Unadilla
https://vault.racerxonline.com/2009-08-15/450/unadilla,Unadilla Motocross - 450,"August 15, 2009",450,Unadilla
https://vault.racerxonline.com/2009-08-22/250/budds-creek-motocross-park,Budds Creek Motocross - 250,"August 22, 2009",250,Budds Creek Motocross Park
https://vault.racerxonline.com/2009-08-22/450/budds-creek-motocross-park,Budds Creek Motocross - 450,"August 22, 2009",450,Budds Creek Motocross Park
https://vault.racerxonline.com/2009-08-29/250/moto-x-338,Moto-X 338 - 250,"August 29, 2009",250,Moto X 338
https://vault.racerxonline.com/2009-08-29/450/moto-x-338,Moto-X 338 - 450,"August 29, 2009",450,Moto X 338
https://vault.racerxonline.com/2009-09-05/250/steel-city-raceway,Steel City Raceway - 250,"September 5, 2009",250,Steel City Raceway
https://vault.racerxonline.com/2009-09-05/450/steel-city-raceway,Steel City Raceway - 450,"September 5, 2009",450,Steel City Raceway
https://vault.racerxonline.com/2010-01-09/sx-lites-w/angel-stadium,Anaheim 1 - SX LITES W,"January 9, 2010",sx-lites-w,Angel Stadium
https://vault.racerxonline.com/2010-01-09/sx/angel-stadium,Anaheim 1 - SX,"January 9, 2010",sx,Angel Stadium
https://vault.racerxonline.com/2010-01-16/sx-lites-w/chase-field,Phoenix - SX LITES W,"January 16, 2010",sx-lites-w,Chase Field
https://vault.racerxonline.com/2010-01-16/sx/chase-field,Phoenix - SX,"January 16, 2010",sx,Chase Field
https://vault.racerxonline.com/2010-01-23/sx-lites-w/angel-stadium,Anaheim 2 - SX LITES W,"January 23, 2010",sx-lites-w,Angel Stadium
https://vault.racerxonline.com/2010-01-23/sx/angel-stadium,Anaheim 2 - SX,"January 23, 2010",sx,Angel Stadium
https://vault.racerxonline.com/2010-01-30/sx-lites-w/oracle-park,San Francisco - SX LITES W,"January 30, 2010",sx-lites-w,Oracle Park
https://vault.racerxonline.com/2010-01-30/sx/oracle-park,San Francisco - SX,"January 30, 2010",sx,Oracle Park
https://vault.racerxonline.com/2010-02-06/sx-lites-w/qualcomm-stadium,San Diego - SX LITES W,"February 6, 2010",sx-lites-w,Qualcomm Stadium
https://vault.racerxonline.com/2010-02-06/sx/qualcomm-stadium,San Diego - SX,"February 6, 2010",sx,Qualcomm Stadium
https://vault.racerxonline.com/2010-02-13/sx-lites-w/angel-stadium,Anaheim 3 - SX LITES W,"February 13, 2010",sx-lites-w,Angel Stadium
https://vault.racerxonline.com/2010-02-13/sx/angel-stadium,Anaheim 3 - SX,"February 13, 2010",sx,Angel Stadium
https://vault.racerxonline.com/2010-02-20/sx-lites-e/lucas-oil-stadium,Indianapolis - SX LITES E,"February 20, 2010",sx-lites-e,Lucas Oil Stadium
https://vault.racerxonline.com/2010-02-20/sx/lucas-oil-stadium,Indianapolis - SX,"February 20, 2010",sx,Lucas Oil Stadium
https://vault.racerxonline.com/2010-02-27/sx-lites-e/georgia-dome,Atlanta - SX LITES E,"February 27, 2010",sx-lites-e,Georgia Dome
https://vault.racerxonline.com/2010-02-27/sx/georgia-dome,Atlanta - SX,"February 27, 2010",sx,Georgia Dome
https://vault.racerxonline.com/2010-03-06/sx-lites-e/daytona-international-speedway,Daytona - SX LITES E,"March 6, 2010",sx-lites-e,Daytona International Speedway
https://vault.racerxonline.com/2010-03-06/sx/daytona-international-speedway,Daytona - SX,"March 6, 2010",sx,Daytona International Speedway
https://vault.racerxonline.com/2010-03-13/sx-lites-e/rogers-centre,Toronto - SX LITES E,"March 13, 2010",sx-lites-e,Rogers Centre
https://vault.racerxonline.com/2010-03-13/sx/rogers-centre,Toronto - SX,"March 13, 2010",sx,Rogers Centre
https://vault.racerxonline.com/2010-03-20/sx-lites-e/att-stadium,Arlington - SX LITES E,"March 20, 2010",sx-lites-e,Att Stadium
https://vault.racerxonline.com/2010-03-20/sx/att-stadium,Arlington - SX,"March 20, 2010",sx,Att Stadium
https://vault.racerxonline.com/2010-03-27/sx-lites-e/jacksonville-municipal-stadium,Jacksonville - SX LITES E,"March 27, 2010",sx-lites-e,Jacksonville Municipal Stadium
https://vault.racerxonline.com/2010-03-27/sx/jacksonville-municipal-stadium,Jacksonville - SX,"March 27, 2010",sx,Jacksonville Municipal Stadium
https://vault.racerxonline.com/2010-04-10/sx-lites-e/reliant-stadium,Houston - SX LITES E,"April 10, 2010",sx-lites-e,Reliant Stadium
https://vault.racerxonline.com/2010-04-10/sx/reliant-stadium,Houston - SX,"April 10, 2010",sx,Reliant Stadium
https://vault.racerxonline.com/2010-04-17/sx-lites-e/edward-jones-dome,St. Louis - SX LITES E,"April 17, 2010",sx-lites-e,Edward Jones Dome
https://vault.racerxonline.com/2010-04-17/sx/edward-jones-dome,St. Louis - SX,"April 17, 2010",sx,Edward Jones Dome
https://vault.racerxonline.com/2010-04-24/sx-lites-w/lumen-field,Seattle - SX LITES W,"April 24, 2010",sx-lites-w,Lumen Field
https://vault.racerxonline.com/2010-04-24/sx/lumen-field,Seattle - SX,"April 24, 2010",sx,Lumen Field
https://vault.racerxonline.com/2010-05-01/sx-lites-w/rice-eccles-stadium,Salt Lake City - SX LITES W,"May 1, 2010",sx-lites-w,Rice Eccles Stadium
https://vault.racerxonline.com/2010-05-01/sx/rice-eccles-stadium,Salt Lake City - SX,"May 1, 2010",sx,Rice Eccles Stadium
https://vault.racerxonline.com/2010-05-08/lites-shootout/sam-boyd-stadium,Las Vegas - LITES SHOOTOUT,"May 8, 2010",lites-shootout,Sam Boyd Stadium
https://vault.racerxonline.com/2010-05-08/sx/sam-boyd-stadium,Las Vegas - SX,"May 8, 2010",sx,Sam Boyd Stadium
https://vault.racerxonline.com/2010-05-22/250/hangtown-motocross-classic,Hangtown Motocross Classic - 250,"May 22, 2010",250,Hangtown Motocross Classic
https://vault.racerxonline.com/2010-05-22/450/hangtown-motocross-classic,Hangtown Motocross Classic - 450,"May 22, 2010",450,Hangtown Motocross Classic
https://vault.racerxonline.com/2010-06-05/250/freestone-raceway,Freestone Raceway - 250,"June 5, 2010",250,Freestone Raceway
https://vault.racerxonline.com/2010-06-05/450/freestone-raceway,Freestone Raceway - 450,"June 5, 2010",450,Freestone Raceway
https://vault.racerxonline.com/2010-06-12/250/high-point-raceway,High Point Raceway - 250,"June 12, 2010",250,High Point Raceway
https://vault.racerxonline.com/2010-06-12/450/high-point-raceway,High Point Raceway - 450,"June 12, 2010",450,High Point Raceway
https://vault.racerxonline.com/2010-06-19/250/budds-creek-motocross-park,Budds Creek Motocross - 250,"June 19, 2010",250,Budds Creek Motocross Park
https://vault.racerxonline.com/2010-06-19/450/budds-creek-motocross-park,Budds Creek Motocross - 450,"June 19, 2010",450,Budds Creek Motocross Park
https://vault.racerxonline.com/2010-06-26/250/thunder-valley-motocross-park,Thunder Valley Motocross - 250,"June 26, 2010",250,Thunder Valley Motocross Park
https://vault.racerxonline.com/2010-06-26/450/thunder-valley-motocross-park,Thunder Valley Motocross - 450,"June 26, 2010",450,Thunder Valley Motocross Park
https://vault.racerxonline.com/2010-07-03/250/red-bud-track-n-trail,RedBud Track 'n Trail - 250,"July 3, 2010",250,Red Bud Track N Trail
https://vault.racerxonline.com/2010-07-03/450/red-bud-track-n-trail,RedBud Track 'n Trail - 450,"July 3, 2010",450,Red Bud Track N Trail
https://vault.racerxonline.com/2010-07-17/250/spring-creek-motocross-park,Spring Creek Motocross - 250,"July 17, 2010",250,Spring Creek Motocross Park
https://vault.racerxonline.com/2010-07-17/450/spring-creek-motocross-park,Spring Creek Motocross - 450,"July 17, 2010",450,Spring Creek Motocross Park
https://vault.racerxonline.com/2010-07-24/250/washougal-motocross-park,Washougal Motocross - 250,"July 24, 2010",250,Washougal Motocross Park
https://vault.racerxonline.com/2010-07-24/450/washougal-motocross-park,Washougal Motocross - 450,"July 24, 2010",450,Washougal Motocross Park
https://vault.racerxonline.com/2010-08-14/250/unadilla,Unadilla Motocross - 250,"August 14, 2010",250,Unadilla
https://vault.racerxonline.com/2010-08-14/450/unadilla,Unadilla Motocross - 450,"August 14, 2010",450,Unadilla
https://vault.racerxonline.com/2010-08-28/250/moto-x-338,Moto-X 338 - 250,"August 28, 2010",250,Moto X 338
https://vault.racerxonline.com/2010-08-28/450/moto-x-338,Moto-X 338 - 450,"August 28, 2010",450,Moto X 338
https://vault.racerxonline.com/2010-09-04/250/steel-city-raceway,Steel City Raceway - 250,"September 4, 2010",250,Steel City Raceway
https://vault.racerxonline.com/2010-09-04/450/steel-city-raceway,Steel City Raceway - 450,"September 4, 2010",450,Steel City Raceway
https://vault.racerxonline.com/2010-09-11/250/pala-raceway,Pala Raceway - 250,"September 11, 2010",250,Pala Raceway
https://vault.racerxonline.com/2010-09-11/450/pala-raceway,Pala Raceway - 450,"September 11, 2010",450,Pala Raceway
https://vault.racerxonline.com/2011-01-08/sx-lites-w/angel-stadium,Anaheim 1 - SX LITES W,"January 8, 2011",sx-lites-w,Angel Stadium
https://vault.racerxonline.com/2011-01-08/sx/angel-stadium,Anaheim 1 - SX,"January 8, 2011",sx,Angel Stadium
https://vault.racerxonline.com/2011-01-15/sx-lites-w/chase-field,Phoenix - SX LITES W,"January 15, 2011",sx-lites-w,Chase Field
https://vault.racerxonline.com/2011-01-15/sx/chase-field,Phoenix - SX,"January 15, 2011",sx,Chase Field
https://vault.racerxonline.com/2011-01-22/sx-lites-w/dodger-stadium,Los Angeles - SX LITES W,"January 22, 2011",sx-lites-w,Dodger Stadium
https://vault.racerxonline.com/2011-01-22/sx/dodger-stadium,Los Angeles - SX,"January 22, 2011",sx,Dodger Stadium
https://vault.racerxonline.com/2011-01-29/sx-lites-w/o-co-coliseum,Oakland - SX LITES W,"January 29, 2011",sx-lites-w,O Co Coliseum
https://vault.racerxonline.com/2011-01-29/sx/o-co-coliseum,Oakland - SX,"January 29, 2011",sx,O Co Coliseum
https://vault.racerxonline.com/2011-02-05/sx-lites-w/angel-stadium,Anaheim 2 - SX LITES W,"February 5, 2011",sx-lites-w,Angel Stadium
https://vault.racerxonline.com/2011-02-05/sx/angel-stadium,Anaheim 2 - SX,"February 5, 2011",sx,Angel Stadium
https://vault.racerxonline.com/2011-02-12/sx-lites-e/reliant-stadium,Houston - SX LITES E,"February 12, 2011",sx-lites-e,Reliant Stadium
https://vault.racerxonline.com/2011-02-12/sx/reliant-stadium,Houston - SX,"February 12, 2011",sx,Reliant Stadium
https://vault.racerxonline.com/2011-02-19/sx-lites-w/qualcomm-stadium,San Diego - SX LITES W,"February 19, 2011",sx-lites-w,Qualcomm Stadium
https://vault.racerxonline.com/2011-02-19/sx/qualcomm-stadium,San Diego - SX,"February 19, 2011",sx,Qualcomm Stadium
https://vault.racerxonline.com/2011-02-26/sx-lites-e/georgia-dome,Atlanta - SX LITES E,"February 26, 2011",sx-lites-e,Georgia Dome
https://vault.racerxonline.com/2011-02-26/sx/georgia-dome,Atlanta - SX,"February 26, 2011",sx,Georgia Dome
https://vault.racerxonline.com/2011-03-05/sx-lites-e/daytona-international-speedway,Daytona - SX LITES E,"March 5, 2011",sx-lites-e,Daytona International Speedway
https://vault.racerxonline.com/2011-03-05/sx/daytona-international-speedway,Daytona - SX,"March 5, 2011",sx,Daytona International Speedway
https://vault.racerxonline.com/2011-03-12/sx-lites-e/lucas-oil-stadium,Indianapolis - SX LITES E,"March 12, 2011",sx-lites-e,Lucas Oil Stadium
https://vault.racerxonline.com/2011-03-12/sx/lucas-oil-stadium,Indianapolis - SX,"March 12, 2011",sx,Lucas Oil Stadium
https://vault.racerxonline.com/2011-03-19/sx-lites-e/jacksonville-municipal-stadium,Jacksonville - SX LITES E,"March 19, 2011",sx-lites-e,Jacksonville Municipal Stadium
https://vault.racerxonline.com/2011-03-19/sx/jacksonville-municipal-stadium,Jacksonville - SX,"March 19, 2011",sx,Jacksonville Municipal Stadium
https://vault.racerxonline.com/2011-03-26/sx-lites-e/rogers-centre,Toronto - SX LITES E,"March 26, 2011",sx-lites-e,Rogers Centre
https://vault.racerxonline.com/2011-03-26/sx/rogers-centre,Toronto - SX,"March 26, 2011",sx,Rogers Centre
https://vault.racerxonline.com/2011-04-02/sx-lites-e/att-stadium,Arlington - SX LITES E,"April 2, 2011",sx-lites-e,Att Stadium
https://vault.racerxonline.com/2011-04-02/sx/att-stadium,Arlington - SX,"April 2, 2011",sx,Att Stadium
https://vault.racerxonline.com/2011-04-09/sx-lites-e/edward-jones-dome,St. Louis - SX LITES E,"April 9, 2011",sx-lites-e,Edward Jones Dome
https://vault.racerxonline.com/2011-04-09/sx/edward-jones-dome,St. Louis - SX,"April 9, 2011",sx,Edward Jones Dome
https://vault.racerxonline.com/2011-04-16/sx-lites-w/lumen-field,Seattle - SX LITES W,"April 16, 2011",sx-lites-w,Lumen Field
https://vault.racerxonline.com/2011-04-16/sx/lumen-field,Seattle - SX,"April 16, 2011",sx,Lumen Field
https://vault.racerxonline.com/2011-04-30/sx-lites-w/rice-eccles-stadium,Salt Lake City - SX LITES W,"April 30, 2011",sx-lites-w,Rice Eccles Stadium
https://vault.racerxonline.com/2011-04-30/sx/rice-eccles-stadium,Salt Lake City - SX,"April 30, 2011",sx,Rice Eccles Stadium
https://vault.racerxonline.com/2011-05-07/lites-shootout/sam-boyd-stadium,Las Vegas - LITES SHOOTOUT,"May 7, 2011",lites-shootout,Sam Boyd Stadium
https://vault.racerxonline.com/2011-05-07/sx-lites-e/sam-boyd-stadium,Las Vegas - SX LITES E,"May 7, 2011",sx-lites-e,Sam Boyd Stadium
https://vault.racerxonline.com/2011-05-07/sx-lites-w/sam-boyd-stadium,Las Vegas - SX LITES W,"May 7, 2011",sx-lites-w,Sam Boyd Stadium
https://vault.racerxonline.com/2011-05-07/sx/sam-boyd-stadium,Las Vegas - SX,"May 7, 2011",sx,Sam Boyd Stadium
https://vault.racerxonline.com/2011-05-21/250/hangtown-motocross-classic,Hangtown Motocross Classic - 250,"May 21, 2011",250,Hangtown Motocross Classic
https://vault.racerxonline.com/2011-05-21/450/hangtown-motocross-classic,Hangtown Motocross Classic - 450,"May 21, 2011",450,Hangtown Motocross Classic
https://vault.racerxonline.com/2011-05-28/250/freestone-raceway,Freestone Raceway - 250,"May 28, 2011",250,Freestone Raceway
https://vault.racerxonline.com/2011-05-28/450/freestone-raceway,Freestone Raceway - 450,"May 28, 2011",450,Freestone Raceway
https://vault.racerxonline.com/2011-06-11/250/high-point-raceway,High Point Raceway - 250,"June 11, 2011",250,High Point Raceway
https://vault.racerxonline.com/2011-06-11/450/high-point-raceway,High Point Raceway - 450,"June 11, 2011",450,High Point Raceway
https://vault.racerxonline.com/2011-06-18/250/budds-creek-motocross-park,Budds Creek Motocross - 250,"June 18, 2011",250,Budds Creek Motocross Park
https://vault.racerxonline.com/2011-06-18/450/budds-creek-motocross-park,Budds Creek Motocross - 450,"June 18, 2011",450,Budds Creek Motocross Park
https://vault.racerxonline.com/2011-06-25/250/thunder-valley-motocross-park,Thunder Valley Motocross - 250,"June 25, 2011",250,Thunder Valley Motocross Park
https://vault.racerxonline.com/2011-06-25/450/thunder-valley-motocross-park,Thunder Valley Motocross - 450,"June 25, 2011",450,Thunder Valley Motocross Park
https://vault.racerxonline.com/2011-07-02/250/red-bud-track-n-trail,RedBud Track 'n Trail - 250,"July 2, 2011",250,Red Bud Track N Trail
https://vault.racerxonline.com/2011-07-02/450/red-bud-track-n-trail,RedBud Track 'n Trail - 450,"July 2, 2011",450,Red Bud Track N Trail
https://vault.racerxonline.com/2011-07-16/250/spring-creek-motocross-park,Spring Creek Motocross - 250,"July 16, 2011",250,Spring Creek Motocross Park
https://vault.racerxonline.com/2011-07-16/450/spring-creek-motocross-park,Spring Creek Motocross - 450,"July 16, 2011",450,Spring Creek Motocross Park
https://vault.racerxonline.com/2011-07-23/250/washougal-motocross-park,Washougal Motocross - 250,"July 23, 2011",250,Washougal Motocross Park
https://vault.racerxonline.com/2011-07-23/450/washougal-motocross-park,Washougal Motocross - 450,"July 23, 2011",450,Washougal Motocross Park
https://vault.racerxonline.com/2011-08-13/250/unadilla,Unadilla Motocross - 250,"August 13, 2011",250,Unadilla
https://vault.racerxonline.com/2011-08-13/450/unadilla,Unadilla Motocross - 450,"August 13, 2011",450,Unadilla
https://vault.racerxonline.com/2011-08-27/250/moto-x-338,Moto-X 338 - 250,"August 27, 2011",250,Moto X 338
https://vault.racerxonline.com/2011-08-27/450/moto-x-338,Moto-X 338 - 450,"August 27, 2011",450,Moto X 338
https://vault.racerxonline.com/2011-09-03/250/steel-city-raceway,Steel City Raceway - 250,"September 3, 2011",250,Steel City Raceway
https://vault.racerxonline.com/2011-09-03/450/steel-city-raceway,Steel City Raceway - 450,"September 3, 2011",450,Steel City Raceway
https://vault.racerxonline.com/2011-09-10/250/pala-raceway,Pala Raceway - 250,"September 10, 2011",250,Pala Raceway
https://vault.racerxonline.com/2011-09-10/450/pala-raceway,Pala Raceway - 450,"September 10, 2011",450,Pala Raceway
https://vault.racerxonline.com/2012-01-07/sx-lites-w/angel-stadium,Anaheim I - SX LITES W,"January 7, 2012",sx-lites-w,Angel Stadium
https://vault.racerxonline.com/2012-01-07/sx/angel-stadium,Anaheim I - SX,"January 7, 2012",sx,Angel Stadium
https://vault.racerxonline.com/2012-01-14/sx-lites-w/chase-field,Phoenix - SX LITES W,"January 14, 2012",sx-lites-w,Chase Field
https://vault.racerxonline.com/2012-01-14/sx/chase-field,Phoenix - SX,"January 14, 2012",sx,Chase Field
https://vault.racerxonline.com/2012-01-21/sx-lites-w/dodger-stadium,Los Angeles - SX LITES W,"January 21, 2012",sx-lites-w,Dodger Stadium
https://vault.racerxonline.com/2012-01-21/sx/dodger-stadium,Los Angeles - SX,"January 21, 2012",sx,Dodger Stadium
https://vault.racerxonline.com/2012-01-28/sx-lites-w/o-co-coliseum,Oakland - SX LITES W,"January 28, 2012",sx-lites-w,O Co Coliseum
https://vault.racerxonline.com/2012-01-28/sx/o-co-coliseum,Oakland - SX,"January 28, 2012",sx,O Co Coliseum
https://vault.racerxonline.com/2012-02-04/sx-lites-w/angel-stadium,Anaheim II - SX LITES W,"February 4, 2012",sx-lites-w,Angel Stadium
https://vault.racerxonline.com/2012-02-04/sx/angel-stadium,Anaheim II - SX,"February 4, 2012",sx,Angel Stadium
https://vault.racerxonline.com/2012-02-11/sx-lites-w/qualcomm-stadium,San Diego - SX LITES W,"February 11, 2012",sx-lites-w,Qualcomm Stadium
https://vault.racerxonline.com/2012-02-11/sx/qualcomm-stadium,San Diego - SX,"February 11, 2012",sx,Qualcomm Stadium
https://vault.racerxonline.com/2012-02-18/sx-lites-e/att-stadium,Arlington - SX LITES E,"February 18, 2012",sx-lites-e,Att Stadium
https://vault.racerxonline.com/2012-02-18/sx/att-stadium,Arlington - SX,"February 18, 2012",sx,Att Stadium
https://vault.racerxonline.com/2012-02-25/sx-lites-e/georgia-dome,Atlanta - SX LITES E,"February 25, 2012",sx-lites-e,Georgia Dome
https://vault.racerxonline.com/2012-02-25/sx/georgia-dome,Atlanta - SX,"February 25, 2012",sx,Georgia Dome
https://vault.racerxonline.com/2012-03-03/sx-lites-e/edward-jones-dome,St. Louis - SX LITES E,"March 3, 2012",sx-lites-e,Edward Jones Dome
https://vault.racerxonline.com/2012-03-03/sx/edward-jones-dome,St. Louis - SX,"March 3, 2012",sx,Edward Jones Dome
https://vault.racerxonline.com/2012-03-10/sx-lites-e/daytona-international-speedway,Daytona - SX LITES E,"March 10, 2012",sx-lites-e,Daytona International Speedway
https://vault.racerxonline.com/2012-03-10/sx/daytona-international-speedway,Daytona - SX,"March 10, 2012",sx,Daytona International Speedway
https://vault.racerxonline.com/2012-03-17/sx-lites-e/lucas-oil-stadium,Indianapolis - SX LITES E,"March 17, 2012",sx-lites-e,Lucas Oil Stadium
https://vault.racerxonline.com/2012-03-17/sx/lucas-oil-stadium,Indianapolis - SX,"March 17, 2012",sx,Lucas Oil Stadium
https://vault.racerxonline.com/2012-03-24/sx-lites-e/rogers-centre,Toronto - SX LITES E,"March 24, 2012",sx-lites-e,Rogers Centre
https://vault.racerxonline.com/2012-03-24/sx/rogers-centre,Toronto - SX,"March 24, 2012",sx,Rogers Centre
https://vault.racerxonline.com/2012-03-31/sx-lites-e/reliant-stadium,Houston - SX LITES E,"March 31, 2012",sx-lites-e,Reliant Stadium
https://vault.racerxonline.com/2012-03-31/sx/reliant-stadium,Houston - SX,"March 31, 2012",sx,Reliant Stadium
https://vault.racerxonline.com/2012-04-14/sx-lites-e/superdome,New Orleans - SX LITES E,"April 14, 2012",sx-lites-e,Superdome
https://vault.racerxonline.com/2012-04-14/sx/superdome,New Orleans - SX,"April 14, 2012",sx,Superdome
https://vault.racerxonline.com/2012-04-21/sx-lites-w/lumen-field,Seattle - SX LITES W,"April 21, 2012",sx-lites-w,Lumen Field
https://vault.racerxonline.com/2012-04-21/sx/lumen-field,Seattle - SX,"April 21, 2012",sx,Lumen Field
https://vault.racerxonline.com/2012-04-28/sx-lites-w/rice-eccles-stadium,Salt Lake City - SX LITES W,"April 28, 2012",sx-lites-w,Rice Eccles Stadium
https://vault.racerxonline.com/2012-04-28/sx/rice-eccles-stadium,Salt Lake City - SX,"April 28, 2012",sx,Rice Eccles Stadium
https://vault.racerxonline.com/2012-05-05/lites-shootout/sam-boyd-stadium,Las Vegas - LITES SHOOTOUT,"May 5, 2012",lites-shootout,Sam Boyd Stadium
https://vault.racerxonline.com/2012-05-05/sx/sam-boyd-stadium,Las Vegas - SX,"May 5, 2012",sx,Sam Boyd Stadium
https://vault.racerxonline.com/2012-05-19/250/hangtown-motocross-classic,Hangtown Motocross Classic - 250,"May 19, 2012",250,Hangtown Motocross Classic
https://vault.racerxonline.com/2012-05-19/450/hangtown-motocross-classic,Hangtown Motocross Classic - 450,"May 19, 2012",450,Hangtown Motocross Classic
https://vault.racerxonline.com/2012-05-26/250/freestone-raceway,Freestone Raceway - 250,"May 26, 2012",250,Freestone Raceway
https://vault.racerxonline.com/2012-05-26/450/freestone-raceway,Freestone Raceway - 450,"May 26, 2012",450,Freestone Raceway
https://vault.racerxonline.com/2012-06-02/250/thunder-valley-motocross-park,Thunder Valley - 250,"June 2, 2012",250,Thunder Valley Motocross Park
https://vault.racerxonline.com/2012-06-02/450/thunder-valley-motocross-park,Thunder Valley - 450,"June 2, 2012",450,Thunder Valley Motocross Park
https://vault.racerxonline.com/2012-06-09/250/high-point-raceway,High Point - 250,"June 9, 2012",250,High Point Raceway
https://vault.racerxonline.com/2012-06-09/450/high-point-raceway,High Point - 450,"June 9, 2012",450,High Point Raceway
https://vault.racerxonline.com/2012-06-16/250/budds-creek-motocross-park,Budds Creek - 250,"June 16, 2012",250,Budds Creek Motocross Park
https://vault.racerxonline.com/2012-06-16/450/budds-creek-motocross-park,Budds Creek - 450,"June 16, 2012",450,Budds Creek Motocross Park
https://vault.racerxonline.com/2012-07-07/250/red-bud-track-n-trail,RedBud - 250,"July 7, 2012",250,Red Bud Track N Trail
https://vault.racerxonline.com/2012-07-07/450/red-bud-track-n-trail,RedBud - 450,"July 7, 2012",450,Red Bud Track N Trail
https://vault.racerxonline.com/2012-07-14/250/spring-creek-motocross-park,Spring Creek - 250,"July 14, 2012",250,Spring Creek Motocross Park
https://vault.racerxonline.com/2012-07-14/450/spring-creek-motocross-park,Spring Creek - 450,"July 14, 2012",450,Spring Creek Motocross Park
https://vault.racerxonline.com/2012-07-21/250/washougal-motocross-park,Washougal - 250,"July 21, 2012",250,Washougal Motocross Park
https://vault.racerxonline.com/2012-07-21/450/washougal-motocross-park,Washougal - 450,"July 21, 2012",450,Washougal Motocross Park
https://vault.racerxonline.com/2012-08-11/250/moto-x-338,Southwick  - 250,"August 11, 2012",250,Moto X 338
https://vault.racerxonline.com/2012-08-11/450/moto-x-338,Southwick  - 450,"August 11, 2012",450,Moto X 338
https://vault.racerxonline.com/2012-08-18/250/unadilla,Unadilla  - 250,"August 18, 2012",250,Unadilla
https://vault.racerxonline.com/2012-08-18/450/unadilla,Unadilla  - 450,"August 18, 2012",450,Unadilla
https://vault.racerxonline.com/2012-09-01/250/steel-city-raceway,Steel City - 250,"September 1, 2012",250,Steel City Raceway
https://vault.racerxonline.com/2012-09-01/450/steel-city-raceway,Steel City - 450,"September 1, 2012",450,Steel City Raceway
https://vault.racerxonline.com/2012-09-08/250/lake-elsinore,Lake Elsinore - 250,"September 8, 2012",250,Lake Elsinore
https://vault.racerxonline.com/2012-09-08/450/lake-elsinore,Lake Elsinore - 450,"September 8, 2012",450,Lake Elsinore
https://vault.racerxonline.com/2013-01-05/250sx-west/angel-stadium,Anaheim 1 - 250SX West,"January 5, 2013",250sx-west,Angel Stadium
https://vault.racerxonline.com/2013-01-05/450sx/angel-stadium,Anaheim 1 - 450SX,"January 5, 2013",450sx,Angel Stadium
https://vault.racerxonline.com/2013-01-12/250sx-west/chase-field,Phoenix - 250SX West,"January 12, 2013",250sx-west,Chase Field
https://vault.racerxonline.com/2013-01-12/450sx/chase-field,Phoenix - 450SX,"January 12, 2013",450sx,Chase Field
https://vault.racerxonline.com/2013-01-19/250sx-west/angel-stadium,Anaheim II - 250SX West,"January 19, 2013",250sx-west,Angel Stadium
https://vault.racerxonline.com/2013-01-19/450sx/angel-stadium,Anaheim II - 450SX,"January 19, 2013",450sx,Angel Stadium
https://vault.racerxonline.com/2013-01-26/250sx-west/o-co-coliseum,Oakland - 250SX West,"January 26, 2013",250sx-west,O Co Coliseum
https://vault.racerxonline.com/2013-01-26/450sx/o-co-coliseum,Oakland - 450SX,"January 26, 2013",450sx,O Co Coliseum
https://vault.racerxonline.com/2013-02-02/250sx-west/angel-stadium,Anaheim III - 250SX West,"February 2, 2013",250sx-west,Angel Stadium
https://vault.racerxonline.com/2013-02-02/450sx/angel-stadium,Anaheim III - 450SX,"February 2, 2013",450sx,Angel Stadium
https://vault.racerxonline.com/2013-02-09/250sx-west/qualcomm-stadium,San Diego - 250SX West,"February 9, 2013",250sx-west,Qualcomm Stadium
https://vault.racerxonline.com/2013-02-09/450sx/qualcomm-stadium,San Diego - 450SX,"February 9, 2013",450sx,Qualcomm Stadium
https://vault.racerxonline.com/2013-02-16/250sx-east/att-stadium,Dallas - 250SX East,"February 16, 2013",250sx-east,Att Stadium
https://vault.racerxonline.com/2013-02-16/450sx/att-stadium,Dallas - 450SX,"February 16, 2013",450sx,Att Stadium
https://vault.racerxonline.com/2013-02-23/250sx-east/georgia-dome,Atlanta - 250SX East,"February 23, 2013",250sx-east,Georgia Dome
https://vault.racerxonline.com/2013-02-23/450sx/georgia-dome,Atlanta - 450SX,"February 23, 2013",450sx,Georgia Dome
https://vault.racerxonline.com/2013-03-02/250sx-east/edward-jones-dome,St. Louis - 250SX East,"March 2, 2013",250sx-east,Edward Jones Dome
https://vault.racerxonline.com/2013-03-02/450sx/edward-jones-dome,St. Louis - 450SX,"March 2, 2013",450sx,Edward Jones Dome
https://vault.racerxonline.com/2013-03-09/250sx-east/daytona-international-speedway,Daytona - 250SX East,"March 9, 2013",250sx-east,Daytona International Speedway
https://vault.racerxonline.com/2013-03-09/450sx/daytona-international-speedway,Daytona - 450SX,"March 9, 2013",450sx,Daytona International Speedway
https://vault.racerxonline.com/2013-03-16/250sx-east/lucas-oil-stadium,Indianapolis - 250SX East,"March 16, 2013",250sx-east,Lucas Oil Stadium
https://vault.racerxonline.com/2013-03-16/450sx/lucas-oil-stadium,Indianapolis - 450SX,"March 16, 2013",450sx,Lucas Oil Stadium
https://vault.racerxonline.com/2013-03-23/250sx-east/rogers-centre,Toronto - 250SX East,"March 23, 2013",250sx-east,Rogers Centre
https://vault.racerxonline.com/2013-03-23/450sx/rogers-centre,Toronto - 450SX,"March 23, 2013",450sx,Rogers Centre
https://vault.racerxonline.com/2013-04-06/250sx-east/reliant-stadium,Houston - 250SX East,"April 6, 2013",250sx-east,Reliant Stadium
https://vault.racerxonline.com/2013-04-06/450sx/reliant-stadium,Houston - 450SX,"April 6, 2013",450sx,Reliant Stadium
https://vault.racerxonline.com/2013-04-13/250sx-east/metrodome,Minneapolis - 250SX East,"April 13, 2013",250sx-east,Metrodome
https://vault.racerxonline.com/2013-04-13/450sx/metrodome,Minneapolis - 450SX,"April 13, 2013",450sx,Metrodome
https://vault.racerxonline.com/2013-04-20/250sx-west/lumen-field,Seattle - 250SX West,"April 20, 2013",250sx-west,Lumen Field
https://vault.racerxonline.com/2013-04-20/450sx/lumen-field,Seattle - 450SX,"April 20, 2013",450sx,Lumen Field
https://vault.racerxonline.com/2013-04-27/250sx-west/rice-eccles-stadium,Salt Lake City - 250SX West,"April 27, 2013",250sx-west,Rice Eccles Stadium
https://vault.racerxonline.com/2013-04-27/450sx/rice-eccles-stadium,Salt Lake City - 450SX,"April 27, 2013",450sx,Rice Eccles Stadium
https://vault.racerxonline.com/2013-05-04/250sx-east/sam-boyd-stadium,Las Vegas - 250SX East,"May 4, 2013",250sx-east,Sam Boyd Stadium
https://vault.racerxonline.com/2013-05-04/250sx-shootout/sam-boyd-stadium,Las Vegas - 250SX Shootout,"May 4, 2013",250sx-shootout,Sam Boyd Stadium
https://vault.racerxonline.com/2013-05-04/250sx-west/sam-boyd-stadium,Las Vegas - 250SX West,"May 4, 2013",250sx-west,Sam Boyd Stadium
https://vault.racerxonline.com/2013-05-04/450sx/sam-boyd-stadium,Las Vegas - 450SX,"May 4, 2013",450sx,Sam Boyd Stadium
https://vault.racerxonline.com/2013-05-18/250/hangtown-motocross-classic,Hangtown - 250,"May 18, 2013",250,Hangtown Motocross Classic
https://vault.racerxonline.com/2013-05-18/450/hangtown-motocross-classic,Hangtown - 450,"May 18, 2013",450,Hangtown Motocross Classic
https://vault.racerxonline.com/2013-05-25/250/thunder-valley-motocross-park,Thunder Valley - 250,"May 25, 2013",250,Thunder Valley Motocross Park
https://vault.racerxonline.com/2013-05-25/450/thunder-valley-motocross-park,Thunder Valley - 450,"May 25, 2013",450,Thunder Valley Motocross Park
https://vault.racerxonline.com/2013-06-01/250/muddy-creek-raceway,Tennessee National - 250,"June 1, 2013",250,Muddy Creek Raceway
https://vault.racerxonline.com/2013-06-01/450/muddy-creek-raceway,Tennessee National - 450,"June 1, 2013",450,Muddy Creek Raceway
https://vault.racerxonline.com/2013-06-08/250/high-point-raceway,High Point - 250,"June 8, 2013",250,High Point Raceway
https://vault.racerxonline.com/2013-06-08/450/high-point-raceway,High Point - 450,"June 8, 2013",450,High Point Raceway
https://vault.racerxonline.com/2013-06-22/250/budds-creek-motocross-park,Budds Creek - 250,"June 22, 2013",250,Budds Creek Motocross Park
https://vault.racerxonline.com/2013-06-22/450/budds-creek-motocross-park,Budds Creek - 450,"June 22, 2013",450,Budds Creek Motocross Park
https://vault.racerxonline.com/2013-06-29/250/moto-x-338,Southwick  - 250,"June 29, 2013",250,Moto X 338
https://vault.racerxonline.com/2013-06-29/450/moto-x-338,Southwick  - 450,"June 29, 2013",450,Moto X 338
https://vault.racerxonline.com/2013-07-06/250/red-bud-track-n-trail,RedBud - 250,"July 6, 2013",250,Red Bud Track N Trail
https://vault.racerxonline.com/2013-07-06/450/red-bud-track-n-trail,RedBud - 450,"July 6, 2013",450,Red Bud Track N Trail
https://vault.racerxonline.com/2013-07-20/250/washougal-motocross-park,Washougal - 250,"July 20, 2013",250,Washougal Motocross Park
https://vault.racerxonline.com/2013-07-20/450/washougal-motocross-park,Washougal - 450,"July 20, 2013",450,Washougal Motocross Park
https://vault.racerxonline.com/2013-07-27/250/spring-creek-motocross-park,Spring Creek - 250,"July 27, 2013",250,Spring Creek Motocross Park
https://vault.racerxonline.com/2013-07-27/450/spring-creek-motocross-park,Spring Creek - 450,"July 27, 2013",450,Spring Creek Motocross Park
https://vault.racerxonline.com/2013-08-10/250/unadilla,Unadilla  - 250,"August 10, 2013",250,Unadilla
https://vault.racerxonline.com/2013-08-10/450/unadilla,Unadilla  - 450,"August 10, 2013",450,Unadilla
https://vault.racerxonline.com/2013-08-17/250/miller-motorsports-park,Utah National  - 250,"August 17, 2013",250,Miller Motorsports Park
https://vault.racerxonline.com/2013-08-17/450/miller-motorsports-park,Utah National  - 450,"August 17, 2013",450,Miller Motorsports Park
https://vault.racerxonline.com/2013-08-24/250/lake-elsinore,Lake Elsinore - 250,"August 24, 2013",250,Lake Elsinore
https://vault.racerxonline.com/2013-08-24/450/lake-elsinore,Lake Elsinore - 450,"August 24, 2013",450,Lake Elsinore
https://vault.racerxonline.com/2014-01-04/250sx-west/angel-stadium,Anaheim I - 250SX West,"January 4, 2014",250sx-west,Angel Stadium
https://vault.racerxonline.com/2014-01-04/450sx/angel-stadium,Anaheim I - 450SX,"January 4, 2014",450sx,Angel Stadium
https://vault.racerxonline.com/2014-01-11/250sx-west/chase-field,Phoenix Supercross - 250SX West,"January 11, 2014",250sx-west,Chase Field
https://vault.racerxonline.com/2014-01-11/450sx/chase-field,Phoenix Supercross - 450SX,"January 11, 2014",450sx,Chase Field
https://vault.racerxonline.com/2014-01-18/250sx-west/angel-stadium,Anaheim 2 - 250SX West,"January 18, 2014",250sx-west,Angel Stadium
https://vault.racerxonline.com/2014-01-18/450sx/angel-stadium,Anaheim 2 - 450SX,"January 18, 2014",450sx,Angel Stadium
https://vault.racerxonline.com/2014-01-25/250sx-west/o-co-coliseum,Oakland - 250SX West,"January 25, 2014",250sx-west,O Co Coliseum
https://vault.racerxonline.com/2014-01-25/450sx/o-co-coliseum,Oakland - 450SX,"January 25, 2014",450sx,O Co Coliseum
https://vault.racerxonline.com/2014-02-01/250sx-west/angel-stadium,Anaheim 3 - 250SX West,"February 1, 2014",250sx-west,Angel Stadium
https://vault.racerxonline.com/2014-02-01/450sx/angel-stadium,Anaheim 3 - 450SX,"February 1, 2014",450sx,Angel Stadium
https://vault.racerxonline.com/2014-02-08/250sx-west/qualcomm-stadium,San Diego - 250SX West,"February 8, 2014",250sx-west,Qualcomm Stadium
https://vault.racerxonline.com/2014-02-08/450sx/qualcomm-stadium,San Diego - 450SX,"February 8, 2014",450sx,Qualcomm Stadium
https://vault.racerxonline.com/2014-02-15/250sx-east/att-stadium,Dallas - 250SX East,"February 15, 2014",250sx-east,Att Stadium
https://vault.racerxonline.com/2014-02-15/450sx/att-stadium,Dallas - 450SX,"February 15, 2014",450sx,Att Stadium
https://vault.racerxonline.com/2014-02-22/250sx-east/georgia-dome,Atlanta - 250SX East,"February 22, 2014",250sx-east,Georgia Dome
https://vault.racerxonline.com/2014-02-22/450sx/georgia-dome,Atlanta - 450SX,"February 22, 2014",450sx,Georgia Dome
https://vault.racerxonline.com/2014-03-01/250sx-east/lucas-oil-stadium,Indianapolis - 250SX East,"March 1, 2014",250sx-east,Lucas Oil Stadium
https://vault.racerxonline.com/2014-03-01/450sx/lucas-oil-stadium,Indianapolis - 450SX,"March 1, 2014",450sx,Lucas Oil Stadium
https://vault.racerxonline.com/2014-03-08/250sx-east/daytona-international-speedway,Daytona - 250SX East,"March 8, 2014",250sx-east,Daytona International Speedway
https://vault.racerxonline.com/2014-03-08/450sx/daytona-international-speedway,Daytona - 450SX,"March 8, 2014",450sx,Daytona International Speedway
https://vault.racerxonline.com/2014-03-15/250sx-east/ford-field,Detroit - 250SX East,"March 15, 2014",250sx-east,Ford Field
https://vault.racerxonline.com/2014-03-15/450sx/ford-field,Detroit - 450SX,"March 15, 2014",450sx,Ford Field
https://vault.racerxonline.com/2014-03-22/250sx-east/rogers-centre,Toronto - 250SX East,"March 22, 2014",250sx-east,Rogers Centre
https://vault.racerxonline.com/2014-03-22/450sx/rogers-centre,Toronto - 450SX,"March 22, 2014",450sx,Rogers Centre
https://vault.racerxonline.com/2014-03-29/250sx-east/edward-jones-dome,St. Louis - 250SX East,"March 29, 2014",250sx-east,Edward Jones Dome
https://vault.racerxonline.com/2014-03-29/450sx/edward-jones-dome,St. Louis - 450SX,"March 29, 2014",450sx,Edward Jones Dome
https://vault.racerxonline.com/2014-04-05/250sx-west/reliant-stadium,Houston - 250SX West,"April 5, 2014",250sx-west,Reliant Stadium
https://vault.racerxonline.com/2014-04-05/450sx/reliant-stadium,Houston - 450SX,"April 5, 2014",450sx,Reliant Stadium
https://vault.racerxonline.com/2014-04-12/250sx-west/lumen-field,Seattle - 250SX West,"April 12, 2014",250sx-west,Lumen Field
https://vault.racerxonline.com/2014-04-12/450sx/lumen-field,Seattle - 450SX,"April 12, 2014",450sx,Lumen Field
https://vault.racerxonline.com/2014-04-26/250sx-east/metlife-stadium,East Rutherford - 250SX East,"April 26, 2014",250sx-east,Metlife Stadium
https://vault.racerxonline.com/2014-04-26/450sx/metlife-stadium,East Rutherford - 450SX,"April 26, 2014",450sx,Metlife Stadium
https://vault.racerxonline.com/2014-05-03/250sx-east/sam-boyd-stadium,Las Vegas - 250SX East,"May 3, 2014",250sx-east,Sam Boyd Stadium
https://vault.racerxonline.com/2014-05-03/250sx-shootout/sam-boyd-stadium,Las Vegas - 250SX Shootout,"May 3, 2014",250sx-shootout,Sam Boyd Stadium
https://vault.racerxonline.com/2014-05-03/250sx-west/sam-boyd-stadium,Las Vegas - 250SX West,"May 3, 2014",250sx-west,Sam Boyd Stadium
https://vault.racerxonline.com/2014-05-03/450sx/sam-boyd-stadium,Las Vegas - 450SX,"May 3, 2014",450sx,Sam Boyd Stadium
https://vault.racerxonline.com/2014-05-24/250/glen-helen-raceway,Glen Helen - 250,"May 24, 2014",250,Glen Helen Raceway
https://vault.racerxonline.com/2014-05-24/450/glen-helen-raceway,Glen Helen - 450,"May 24, 2014",450,Glen Helen Raceway
https://vault.racerxonline.com/2014-05-31/250/hangtown-motocross-classic,Hangtown - 250,"May 31, 2014",250,Hangtown Motocross Classic
https://vault.racerxonline.com/2014-05-31/450/hangtown-motocross-classic,Hangtown - 450,"May 31, 2014",450,Hangtown Motocross Classic
https://vault.racerxonline.com/2014-06-07/250/thunder-valley-motocross-park,Thunder Valley - 250,"June 7, 2014",250,Thunder Valley Motocross Park
https://vault.racerxonline.com/2014-06-07/450/thunder-valley-motocross-park,Thunder Valley - 450,"June 7, 2014",450,Thunder Valley Motocross Park
https://vault.racerxonline.com/2014-06-14/250/high-point-raceway,High Point - 250,"June 14, 2014",250,High Point Raceway
https://vault.racerxonline.com/2014-06-14/450/high-point-raceway,High Point - 450,"June 14, 2014",450,High Point Raceway
https://vault.racerxonline.com/2014-06-28/250/muddy-creek-raceway,Tennessee - 250,"June 28, 2014",250,Muddy Creek Raceway
https://vault.racerxonline.com/2014-06-28/450/muddy-creek-raceway,Tennessee - 450,"June 28, 2014",450,Muddy Creek Raceway
https://vault.racerxonline.com/2014-07-05/250/red-bud-track-n-trail,RedBud - 250,"July 5, 2014",250,Red Bud Track N Trail
https://vault.racerxonline.com/2014-07-05/450/red-bud-track-n-trail,RedBud - 450,"July 5, 2014",450,Red Bud Track N Trail
https://vault.racerxonline.com/2014-07-12/250/budds-creek-motocross-park,Budds Creek - 250,"July 12, 2014",250,Budds Creek Motocross Park
https://vault.racerxonline.com/2014-07-12/450/budds-creek-motocross-park,Budds Creek - 450,"July 12, 2014",450,Budds Creek Motocross Park
https://vault.racerxonline.com/2014-07-19/250/spring-creek-motocross-park,Spring Creek - 250,"July 19, 2014",250,Spring Creek Motocross Park
https://vault.racerxonline.com/2014-07-19/450/spring-creek-motocross-park,Spring Creek - 450,"July 19, 2014",450,Spring Creek Motocross Park
https://vault.racerxonline.com/2014-07-26/250/washougal-motocross-park,Washougal - 250,"July 26, 2014",250,Washougal Motocross Park
https://vault.racerxonline.com/2014-07-26/450/washougal-motocross-park,Washougal - 450,"July 26, 2014",450,Washougal Motocross Park
https://vault.racerxonline.com/2014-08-09/250/unadilla,Unadilla - 250,"August 9, 2014",250,Unadilla
https://vault.racerxonline.com/2014-08-09/450/unadilla,Unadilla - 450,"August 9, 2014",450,Unadilla
https://vault.racerxonline.com/2014-08-16/250/ironman-raceway,Indiana - 250,"August 16, 2014",250,Ironman Raceway
https://vault.racerxonline.com/2014-08-16/450/ironman-raceway,Indiana - 450,"August 16, 2014",450,Ironman Raceway
https://vault.racerxonline.com/2014-08-23/250/miller-motorsports-park,Utah National - 250,"August 23, 2014",250,Miller Motorsports Park
https://vault.racerxonline.com/2014-08-23/450/miller-motorsports-park,Utah National - 450,"August 23, 2014",450,Miller Motorsports Park
https://vault.racerxonline.com/2015-01-03/250sx-west/angel-stadium,Anaheim 1 - 250SX West,"January 3, 2015",250sx-west,Angel Stadium
https://vault.racerxonline.com/2015-01-03/450sx/angel-stadium,Anaheim 1 - 450SX,"January 3, 2015",450sx,Angel Stadium
https://vault.racerxonline.com/2015-01-10/250sx-west/chase-field,Phoenix - 250SX West,"January 10, 2015",250sx-west,Chase Field
https://vault.racerxonline.com/2015-01-10/450sx/chase-field,Phoenix - 450SX,"January 10, 2015",450sx,Chase Field
https://vault.racerxonline.com/2015-01-17/250sx-west/angel-stadium,Anaheim 2 - 250SX West,"January 17, 2015",250sx-west,Angel Stadium
https://vault.racerxonline.com/2015-01-17/450sx/angel-stadium,Anaheim 2 - 450SX,"January 17, 2015",450sx,Angel Stadium
https://vault.racerxonline.com/2015-01-24/250sx-west/o-co-coliseum,Oakland - 250SX West,"January 24, 2015",250sx-west,O Co Coliseum
https://vault.racerxonline.com/2015-01-24/450sx/o-co-coliseum,Oakland - 450SX,"January 24, 2015",450sx,O Co Coliseum
https://vault.racerxonline.com/2015-01-31/250sx-west/angel-stadium,Anaheim 3 - 250SX West,"January 31, 2015",250sx-west,Angel Stadium
https://vault.racerxonline.com/2015-01-31/450sx/angel-stadium,Anaheim 3 - 450SX,"January 31, 2015",450sx,Angel Stadium
https://vault.racerxonline.com/2015-02-07/250sx-west/petco-park,San Diego - 250SX West,"February 7, 2015",250sx-west,Petco Park
https://vault.racerxonline.com/2015-02-07/450sx/petco-park,San Diego - 450SX,"February 7, 2015",450sx,Petco Park
https://vault.racerxonline.com/2015-02-14/250sx-east/att-stadium,Arlington - 250SX East,"February 14, 2015",250sx-east,Att Stadium
https://vault.racerxonline.com/2015-02-14/450sx/att-stadium,Arlington - 450SX,"February 14, 2015",450sx,Att Stadium
https://vault.racerxonline.com/2015-02-21/250sx-east/georgia-dome,Atlanta 1 - 250SX East,"February 21, 2015",250sx-east,Georgia Dome
https://vault.racerxonline.com/2015-02-21/450sx/georgia-dome,Atlanta 1 - 450SX,"February 21, 2015",450sx,Georgia Dome
https://vault.racerxonline.com/2015-02-28/250sx-east/georgia-dome,Atlanta 2 - 250SX East,"February 28, 2015",250sx-east,Georgia Dome
https://vault.racerxonline.com/2015-02-28/450sx/georgia-dome,Atlanta 2 - 450SX,"February 28, 2015",450sx,Georgia Dome
https://vault.racerxonline.com/2015-03-07/250sx-east/daytona-international-speedway,Daytona - 250SX East,"March 7, 2015",250sx-east,Daytona International Speedway
https://vault.racerxonline.com/2015-03-07/450sx/daytona-international-speedway,Daytona - 450SX,"March 7, 2015",450sx,Daytona International Speedway
https://vault.racerxonline.com/2015-03-14/250sx-east/lucas-oil-stadium,Indianapolis - 250SX East,"March 14, 2015",250sx-east,Lucas Oil Stadium
https://vault.racerxonline.com/2015-03-14/450sx/lucas-oil-stadium,Indianapolis - 450SX,"March 14, 2015",450sx,Lucas Oil Stadium
https://vault.racerxonline.com/2015-03-21/250sx-east/ford-field,Detroit - 250SX East,"March 21, 2015",250sx-east,Ford Field
https://vault.racerxonline.com/2015-03-21/450sx/ford-field,Detroit - 450SX,"March 21, 2015",450sx,Ford Field
https://vault.racerxonline.com/2015-03-28/250sx-east/edward-jones-dome,St. Louis - 250SX East,"March 28, 2015",250sx-east,Edward Jones Dome
https://vault.racerxonline.com/2015-03-28/450sx/edward-jones-dome,St. Louis - 450SX,"March 28, 2015",450sx,Edward Jones Dome
https://vault.racerxonline.com/2015-04-11/250sx-west/reliant-stadium,Houston - 250SX West,"April 11, 2015",250sx-west,Reliant Stadium
https://vault.racerxonline.com/2015-04-11/450sx/reliant-stadium,Houston - 450SX,"April 11, 2015",450sx,Reliant Stadium
https://vault.racerxonline.com/2015-04-18/250sx-west/levis-stadium,Santa Clara - 250SX West,"April 18, 2015",250sx-west,Levis Stadium
https://vault.racerxonline.com/2015-04-18/450sx/levis-stadium,Santa Clara - 450SX,"April 18, 2015",450sx,Levis Stadium
https://vault.racerxonline.com/2015-04-25/250sx-east/metlife-stadium,East Rutherford - 250SX East,"April 25, 2015",250sx-east,Metlife Stadium
https://vault.racerxonline.com/2015-04-25/450sx/metlife-stadium,East Rutherford - 450SX,"April 25, 2015",450sx,Metlife Stadium
https://vault.racerxonline.com/2015-05-02/250sx-shootout/sam-boyd-stadium,Las Vegas - 250SX Shootout,"May 2, 2015",250sx-shootout,Sam Boyd Stadium
https://vault.racerxonline.com/2015-05-02/450sx/sam-boyd-stadium,Las Vegas - 450SX,"May 2, 2015",450sx,Sam Boyd Stadium
https://vault.racerxonline.com/2015-05-16/250/hangtown-motocross-classic,Hangtown - 250,"May 16, 2015",250,Hangtown Motocross Classic
https://vault.racerxonline.com/2015-05-16/450/hangtown-motocross-classic,Hangtown - 450,"May 16, 2015",450,Hangtown Motocross Classic
https://vault.racerxonline.com/2015-05-23/250/glen-helen-raceway,Glen Helen - 250,"May 23, 2015",250,Glen Helen Raceway
https://vault.racerxonline.com/2015-05-23/450/glen-helen-raceway,Glen Helen - 450,"May 23, 2015",450,Glen Helen Raceway
https://vault.racerxonline.com/2015-05-30/250/thunder-valley-motocross-park,Thunder Valley - 250,"May 30, 2015",250,Thunder Valley Motocross Park
https://vault.racerxonline.com/2015-05-30/450/thunder-valley-motocross-park,Thunder Valley - 450,"May 30, 2015",450,Thunder Valley Motocross Park
https://vault.racerxonline.com/2015-06-06/250/muddy-creek-raceway,Tennessee - 250,"June 6, 2015",250,Muddy Creek Raceway
https://vault.racerxonline.com/2015-06-06/450/muddy-creek-raceway,Tennessee - 450,"June 6, 2015",450,Muddy Creek Raceway
https://vault.racerxonline.com/2015-06-13/250/high-point-raceway,High Point - 250,"June 13, 2015",250,High Point Raceway
https://vault.racerxonline.com/2015-06-13/450/high-point-raceway,High Point - 450,"June 13, 2015",450,High Point Raceway
https://vault.racerxonline.com/2015-06-27/250/budds-creek-motocross-park,Budds Creek - 250,"June 27, 2015",250,Budds Creek Motocross Park
https://vault.racerxonline.com/2015-06-27/450/budds-creek-motocross-park,Budds Creek - 450,"June 27, 2015",450,Budds Creek Motocross Park
https://vault.racerxonline.com/2015-07-04/250/red-bud-track-n-trail,RedBud - 250,"July 4, 2015",250,Red Bud Track N Trail
https://vault.racerxonline.com/2015-07-04/450/red-bud-track-n-trail,RedBud - 450,"July 4, 2015",450,Red Bud Track N Trail
https://vault.racerxonline.com/2015-07-18/250/spring-creek-motocross-park,Spring Creek - 250,"July 18, 2015",250,Spring Creek Motocross Park
https://vault.racerxonline.com/2015-07-18/450/spring-creek-motocross-park,Spring Creek - 450,"July 18, 2015",450,Spring Creek Motocross Park
https://vault.racerxonline.com/2015-07-25/250/washougal-motocross-park,Washougal - 250,"July 25, 2015",250,Washougal Motocross Park
https://vault.racerxonline.com/2015-07-25/450/washougal-motocross-park,Washougal - 450,"July 25, 2015",450,Washougal Motocross Park
https://vault.racerxonline.com/2015-08-08/250/unadilla,Unadilla - 250,"August 8, 2015",250,Unadilla
https://vault.racerxonline.com/2015-08-08/450/unadilla,Unadilla - 450,"August 8, 2015",450,Unadilla
https://vault.racerxonline.com/2015-08-15/250/miller-motorsports-park,Utah - 250,"August 15, 2015",250,Miller Motorsports Park
https://vault.racerxonline.com/2015-08-15/450/miller-motorsports-park,Utah - 450,"August 15, 2015",450,Miller Motorsports Park
https://vault.racerxonline.com/2015-08-22/250/ironman-raceway,Indiana - 250,"August 22, 2015",250,Ironman Raceway
https://vault.racerxonline.com/2015-08-22/450/ironman-raceway,Indiana - 450,"August 22, 2015",450,Ironman Raceway
https://vault.racerxonline.com/2016-01-09/250sx-west/angel-stadium,Anaheim 1 - 250SX West,"January 9, 2016",250sx-west,Angel Stadium
https://vault.racerxonline.com/2016-01-09/450sx/angel-stadium,Anaheim 1 - 450SX,"January 9, 2016",450sx,Angel Stadium
https://vault.racerxonline.com/2016-01-16/250sx-west/petco-park,San Diego 1 - 250SX West,"January 16, 2016",250sx-west,Petco Park
https://vault.racerxonline.com/2016-01-16/450sx/petco-park,San Diego 1 - 450SX,"January 16, 2016",450sx,Petco Park
https://vault.racerxonline.com/2016-01-23/250sx-west/angel-stadium,Anaheim 2 - 250SX West,"January 23, 2016",250sx-west,Angel Stadium
https://vault.racerxonline.com/2016-01-23/450sx/angel-stadium,Anaheim 2 - 450SX,"January 23, 2016",450sx,Angel Stadium
https://vault.racerxonline.com/2016-01-30/250sx-west/o-co-coliseum,Oakland - 250SX West,"January 30, 2016",250sx-west,O Co Coliseum
https://vault.racerxonline.com/2016-01-30/450sx/o-co-coliseum,Oakland - 450SX,"January 30, 2016",450sx,O Co Coliseum
https://vault.racerxonline.com/2016-02-06/250sx-west/university-of-phoenix-stadium,Glendale - 250SX West,"February 6, 2016",250sx-west,University Of Phoenix Stadium
https://vault.racerxonline.com/2016-02-06/450sx/university-of-phoenix-stadium,Glendale - 450SX,"February 6, 2016",450sx,University Of Phoenix Stadium
https://vault.racerxonline.com/2016-02-13/250sx-west/petco-park,San Diego 2 - 250SX West,"February 13, 2016",250sx-west,Petco Park
https://vault.racerxonline.com/2016-02-13/450sx/petco-park,San Diego 2 - 450SX,"February 13, 2016",450sx,Petco Park
https://vault.racerxonline.com/2016-02-20/250sx-west/att-stadium,Arlington - 250SX West,"February 20, 2016",250sx-west,Att Stadium
https://vault.racerxonline.com/2016-02-20/450sx/att-stadium,Arlington - 450SX,"February 20, 2016",450sx,Att Stadium
https://vault.racerxonline.com/2016-02-27/250sx-east/georgia-dome,Atlanta - 250SX East,"February 27, 2016",250sx-east,Georgia Dome
https://vault.racerxonline.com/2016-02-27/450sx/georgia-dome,Atlanta - 450SX,"February 27, 2016",450sx,Georgia Dome
https://vault.racerxonline.com/2016-03-05/250sx-east/daytona-international-speedway,Daytona - 250SX East,"March 5, 2016",250sx-east,Daytona International Speedway
https://vault.racerxonline.com/2016-03-05/450sx/daytona-international-speedway,Daytona - 450SX,"March 5, 2016",450sx,Daytona International Speedway
https://vault.racerxonline.com/2016-03-12/250sx-east/rogers-centre,Toronto - 250SX East,"March 12, 2016",250sx-east,Rogers Centre
https://vault.racerxonline.com/2016-03-12/450sx/rogers-centre,Toronto - 450SX,"March 12, 2016",450sx,Rogers Centre
https://vault.racerxonline.com/2016-03-19/250sx-east/ford-field,Detroit - 250SX East,"March 19, 2016",250sx-east,Ford Field
https://vault.racerxonline.com/2016-03-19/450sx/ford-field,Detroit - 450SX,"March 19, 2016",450sx,Ford Field
https://vault.racerxonline.com/2016-04-02/250sx-west/levis-stadium,Santa Clara - 250SX West,"April 2, 2016",250sx-west,Levis Stadium
https://vault.racerxonline.com/2016-04-02/450sx/levis-stadium,Santa Clara - 450SX,"April 2, 2016",450sx,Levis Stadium
https://vault.racerxonline.com/2016-04-09/250sx-east/lucas-oil-stadium,Indianapolis - 250SX East,"April 9, 2016",250sx-east,Lucas Oil Stadium
https://vault.racerxonline.com/2016-04-09/450sx/lucas-oil-stadium,Indianapolis - 450SX,"April 9, 2016",450sx,Lucas Oil Stadium
https://vault.racerxonline.com/2016-04-16/250sx-east/edward-jones-dome,St. Louis - 250SX East,"April 16, 2016",250sx-east,Edward Jones Dome
https://vault.racerxonline.com/2016-04-16/450sx/edward-jones-dome,St. Louis - 450SX,"April 16, 2016",450sx,Edward Jones Dome
https://vault.racerxonline.com/2016-04-23/250sx-east/gillette-stadium,Foxborough - 250SX East,"April 23, 2016",250sx-east,Gillette Stadium
https://vault.racerxonline.com/2016-04-23/450sx/gillette-stadium,Foxborough - 450SX,"April 23, 2016",450sx,Gillette Stadium
https://vault.racerxonline.com/2016-04-30/250sx-east/metlife-stadium,East Rutherford - 250SX East,"April 30, 2016",250sx-east,Metlife Stadium
https://vault.racerxonline.com/2016-04-30/450sx/metlife-stadium,East Rutherford - 450SX,"April 30, 2016",450sx,Metlife Stadium
https://vault.racerxonline.com/2016-05-07/250sx-shootout/sam-boyd-stadium,Las Vegas - 250SX Shootout,"May 7, 2016",250sx-shootout,Sam Boyd Stadium
https://vault.racerxonline.com/2016-05-07/450sx/sam-boyd-stadium,Las Vegas - 450SX,"May 7, 2016",450sx,Sam Boyd Stadium
https://vault.racerxonline.com/2016-05-21/250/hangtown-motocross-classic,Hangtown - 250,"May 21, 2016",250,Hangtown Motocross Classic
https://vault.racerxonline.com/2016-05-21/450/hangtown-motocross-classic,Hangtown - 450,"May 21, 2016",450,Hangtown Motocross Classic
https://vault.racerxonline.com/2016-05-28/250/glen-helen-raceway,Glen Helen - 250,"May 28, 2016",250,Glen Helen Raceway
https://vault.racerxonline.com/2016-05-28/450/glen-helen-raceway,Glen Helen - 450,"May 28, 2016",450,Glen Helen Raceway
https://vault.racerxonline.com/2016-06-04/250/thunder-valley-motocross-park,Thunder Valley - 250,"June 4, 2016",250,Thunder Valley Motocross Park
https://vault.racerxonline.com/2016-06-04/450/thunder-valley-motocross-park,Thunder Valley - 450,"June 4, 2016",450,Thunder Valley Motocross Park
https://vault.racerxonline.com/2016-06-18/250/high-point-raceway,High Point - 250,"June 18, 2016",250,High Point Raceway
https://vault.racerxonline.com/2016-06-18/450/high-point-raceway,High Point - 450,"June 18, 2016",450,High Point Raceway
https://vault.racerxonline.com/2016-06-25/250/muddy-creek-raceway,Tennessee - 250,"June 25, 2016",250,Muddy Creek Raceway
https://vault.racerxonline.com/2016-06-25/450/muddy-creek-raceway,Tennessee - 450,"June 25, 2016",450,Muddy Creek Raceway
https://vault.racerxonline.com/2016-07-02/250/red-bud-track-n-trail,RedBud - 250,"July 2, 2016",250,Red Bud Track N Trail
https://vault.racerxonline.com/2016-07-02/450/red-bud-track-n-trail,RedBud - 450,"July 2, 2016",450,Red Bud Track N Trail
https://vault.racerxonline.com/2016-07-09/250/moto-x-338,Southwick - 250,"July 9, 2016",250,Moto X 338
https://vault.racerxonline.com/2016-07-09/450/moto-x-338,Southwick - 450,"July 9, 2016",450,Moto X 338
https://vault.racerxonline.com/2016-07-16/250/spring-creek-motocross-park,Spring Creek - 250,"July 16, 2016",250,Spring Creek Motocross Park
https://vault.racerxonline.com/2016-07-16/450/spring-creek-motocross-park,Spring Creek - 450,"July 16, 2016",450,Spring Creek Motocross Park
https://vault.racerxonline.com/2016-07-23/250/washougal-motocross-park,Washougal - 250,"July 23, 2016",250,Washougal Motocross Park
https://vault.racerxonline.com/2016-07-23/450/washougal-motocross-park,Washougal - 450,"July 23, 2016",450,Washougal Motocross Park
https://vault.racerxonline.com/2016-08-13/250/unadilla,Unadilla - 250,"August 13, 2016",250,Unadilla
https://vault.racerxonline.com/2016-08-13/450/unadilla,Unadilla - 450,"August 13, 2016",450,Unadilla
https://vault.racerxonline.com/2016-08-20/250/budds-creek-motocross-park,Budds Creek - 250,"August 20, 2016",250,Budds Creek Motocross Park
https://vault.racerxonline.com/2016-08-20/450/budds-creek-motocross-park,Budds Creek - 450,"August 20, 2016",450,Budds Creek Motocross Park
https://vault.racerxonline.com/2016-08-27/250/ironman-raceway,Ironman - 250,"August 27, 2016",250,Ironman Raceway
https://vault.racerxonline.com/2016-08-27/450/ironman-raceway,Ironman - 450,"August 27, 2016",450,Ironman Raceway
https://vault.racerxonline.com/2017-01-07/250sx-west/angel-stadium,Anaheim 1 - 250SX West,"January 7, 2017",250sx-west,Angel Stadium
https://vault.racerxonline.com/2017-01-07/450sx/angel-stadium,Anaheim 1 - 450SX,"January 7, 2017",450sx,Angel Stadium
https://vault.racerxonline.com/2017-01-14/250sx-west/petco-park,San Diego - 250SX West,"January 14, 2017",250sx-west,Petco Park
https://vault.racerxonline.com/2017-01-14/450sx/petco-park,San Diego - 450SX,"January 14, 2017",450sx,Petco Park
https://vault.racerxonline.com/2017-01-21/250sx-west/angel-stadium,Anaheim 2 - 250SX West,"January 21, 2017",250sx-west,Angel Stadium
https://vault.racerxonline.com/2017-01-21/450sx/angel-stadium,Anaheim 2 - 450SX,"January 21, 2017",450sx,Angel Stadium
https://vault.racerxonline.com/2017-01-28/250sx-west/university-of-phoenix-stadium,Phoenix - 250SX West,"January 28, 2017",250sx-west,University Of Phoenix Stadium
https://vault.racerxonline.com/2017-01-28/450sx/university-of-phoenix-stadium,Phoenix - 450SX,"January 28, 2017",450sx,University Of Phoenix Stadium
https://vault.racerxonline.com/2017-02-04/250sx-west/o-co-coliseum,Oakland - 250SX West,"February 4, 2017",250sx-west,O Co Coliseum
https://vault.racerxonline.com/2017-02-04/450sx/o-co-coliseum,Oakland - 450SX,"February 4, 2017",450sx,O Co Coliseum
https://vault.racerxonline.com/2017-02-11/250sx-west/att-stadium,Arlington - 250SX West,"February 11, 2017",250sx-west,Att Stadium
https://vault.racerxonline.com/2017-02-11/450sx/att-stadium,Arlington - 450SX,"February 11, 2017",450sx,Att Stadium
https://vault.racerxonline.com/2017-02-18/250sx-east/us-bank-stadium,Minneapolis - 250SX East,"February 18, 2017",250sx-east,Us Bank Stadium
https://vault.racerxonline.com/2017-02-18/450sx/us-bank-stadium,Minneapolis - 450SX,"February 18, 2017",450sx,Us Bank Stadium
https://vault.racerxonline.com/2017-02-25/250sx-east/georgia-dome,Atlanta - 250SX East,"February 25, 2017",250sx-east,Georgia Dome
https://vault.racerxonline.com/2017-02-25/450sx/georgia-dome,Atlanta - 450SX,"February 25, 2017",450sx,Georgia Dome
https://vault.racerxonline.com/2017-03-04/250sx-east/rogers-centre,Toronto - 250SX East,"March 4, 2017",250sx-east,Rogers Centre
https://vault.racerxonline.com/2017-03-04/450sx/rogers-centre,Toronto - 450SX,"March 4, 2017",450sx,Rogers Centre
https://vault.racerxonline.com/2017-03-11/250sx-east/daytona-international-speedway,Daytona - 250SX East,"March 11, 2017",250sx-east,Daytona International Speedway
https://vault.racerxonline.com/2017-03-11/450sx/daytona-international-speedway,Daytona - 450SX,"March 11, 2017",450sx,Daytona International Speedway
https://vault.racerxonline.com/2017-03-18/250sx-east/lucas-oil-stadium,Indianapolis - 250SX East,"March 18, 2017",250sx-east,Lucas Oil Stadium
https://vault.racerxonline.com/2017-03-18/450sx/lucas-oil-stadium,Indianapolis - 450SX,"March 18, 2017",450sx,Lucas Oil Stadium
https://vault.racerxonline.com/2017-03-25/250sx-east/ford-field,Detroit - 250SX East,"March 25, 2017",250sx-east,Ford Field
https://vault.racerxonline.com/2017-03-25/450sx/ford-field,Detroit - 450SX,"March 25, 2017",450sx,Ford Field
https://vault.racerxonline.com/2017-04-01/250sx-east/edward-jones-dome,St. Louis - 250SX East,"April 1, 2017",250sx-east,Edward Jones Dome
https://vault.racerxonline.com/2017-04-01/450sx/edward-jones-dome,St. Louis - 450SX,"April 1, 2017",450sx,Edward Jones Dome
https://vault.racerxonline.com/2017-04-08/250sx-west/lumen-field,Seattle - 250SX West,"April 8, 2017",250sx-west,Lumen Field
https://vault.racerxonline.com/2017-04-08/450sx/lumen-field,Seattle - 450SX,"April 8, 2017",450sx,Lumen Field
https://vault.racerxonline.com/2017-04-22/250sx-west/rice-eccles-stadium,Salt Lake City - 250SX West,"April 22, 2017",250sx-west,Rice Eccles Stadium
https://vault.racerxonline.com/2017-04-22/450sx/rice-eccles-stadium,Salt Lake City - 450SX,"April 22, 2017",450sx,Rice Eccles Stadium
https://vault.racerxonline.com/2017-04-29/250sx-east/metlife-stadium,East Rutherford - 250SX East,"April 29, 2017",250sx-east,Metlife Stadium
https://vault.racerxonline.com/2017-04-29/450sx/metlife-stadium,East Rutherford - 450SX,"April 29, 2017",450sx,Metlife Stadium
https://vault.racerxonline.com/2017-05-06/250sx-shootout/sam-boyd-stadium,Las Vegas - 250SX Shootout,"May 6, 2017",250sx-shootout,Sam Boyd Stadium
https://vault.racerxonline.com/2017-05-06/450sx/sam-boyd-stadium,Las Vegas - 450SX,"May 6, 2017",450sx,Sam Boyd Stadium
https://vault.racerxonline.com/2017-05-20/250/hangtown-motocross-classic,Hangtown - 250,"May 20, 2017",250,Hangtown Motocross Classic
https://vault.racerxonline.com/2017-05-20/450/hangtown-motocross-classic,Hangtown - 450,"May 20, 2017",450,Hangtown Motocross Classic
https://vault.racerxonline.com/2017-05-27/250/glen-helen-raceway,Glen Helen - 250,"May 27, 2017",250,Glen Helen Raceway
https://vault.racerxonline.com/2017-05-27/450/glen-helen-raceway,Glen Helen - 450,"May 27, 2017",450,Glen Helen Raceway
https://vault.racerxonline.com/2017-06-03/250/thunder-valley-motocross-park,Thunder Valley - 250,"June 3, 2017",250,Thunder Valley Motocross Park
https://vault.racerxonline.com/2017-06-03/450/thunder-valley-motocross-park,Thunder Valley - 450,"June 3, 2017",450,Thunder Valley Motocross Park
https://vault.racerxonline.com/2017-06-17/250/high-point-raceway,High Point - 250,"June 17, 2017",250,High Point Raceway
https://vault.racerxonline.com/2017-06-17/450/high-point-raceway,High Point - 450,"June 17, 2017",450,High Point Raceway
https://vault.racerxonline.com/2017-06-24/250/muddy-creek-raceway,Tennessee - 250,"June 24, 2017",250,Muddy Creek Raceway
https://vault.racerxonline.com/2017-06-24/450/muddy-creek-raceway,Tennessee - 450,"June 24, 2017",450,Muddy Creek Raceway
https://vault.racerxonline.com/2017-07-01/250/red-bud-track-n-trail,RedBud - 250,"July 1, 2017",250,Red Bud Track N Trail
https://vault.racerxonline.com/2017-07-01/450/red-bud-track-n-trail,RedBud - 450,"July 1, 2017",450,Red Bud Track N Trail
https://vault.racerxonline.com/2017-07-08/250/moto-x-338,Southwick - 250,"July 8, 2017",250,Moto X 338
https://vault.racerxonline.com/2017-07-08/450/moto-x-338,Southwick - 450,"July 8, 2017",450,Moto X 338
https://vault.racerxonline.com/2017-07-22/250/spring-creek-motocross-park,Spring Creek - 250,"July 22, 2017",250,Spring Creek Motocross Park
https://vault.racerxonline.com/2017-07-22/450/spring-creek-motocross-park,Spring Creek - 450,"July 22, 2017",450,Spring Creek Motocross Park
https://vault.racerxonline.com/2017-07-29/250/washougal-motocross-park,Washougal - 250,"July 29, 2017",250,Washougal Motocross Park
https://vault.racerxonline.com/2017-07-29/450/washougal-motocross-park,Washougal - 450,"July 29, 2017",450,Washougal Motocross Park
https://vault.racerxonline.com/2017-08-12/250/unadilla,Unadilla - 250,"August 12, 2017",250,Unadilla
https://vault.racerxonline.com/2017-08-12/450/unadilla,Unadilla - 450,"August 12, 2017",450,Unadilla
https://vault.racerxonline.com/2017-08-19/250/budds-creek-motocross-park,Budds Creek - 250,"August 19, 2017",250,Budds Creek Motocross Park
https://vault.racerxonline.com/2017-08-19/450/budds-creek-motocross-park,Budds Creek - 450,"August 19, 2017",450,Budds Creek Motocross Park
https://vault.racerxonline.com/2017-08-26/250/ironman-raceway,Ironman - 250,"August 26, 2017",250,Ironman Raceway
https://vault.racerxonline.com/2017-08-26/450/ironman-raceway,Ironman - 450,"August 26, 2017",450,Ironman Raceway
https://vault.racerxonline.com/2018-01-06/250sx-west/angel-stadium,Anaheim 1 - 250SX West,"January 6, 2018",250sx-west,Angel Stadium
https://vault.racerxonline.com/2018-01-06/450sx/angel-stadium,Anaheim 1 - 450SX,"January 6, 2018",450sx,Angel Stadium
https://vault.racerxonline.com/2018-01-13/250sx-west/nrg-stadium,Houston - 250SX West,"January 13, 2018",250sx-west,Nrg Stadium
https://vault.racerxonline.com/2018-01-13/450sx/nrg-stadium,Houston - 450SX,"January 13, 2018",450sx,Nrg Stadium
https://vault.racerxonline.com/2018-01-20/250sx-west/angel-stadium,Anaheim 2 - 250SX West,"January 20, 2018",250sx-west,Angel Stadium
https://vault.racerxonline.com/2018-01-20/450sx/angel-stadium,Anaheim 2 - 450SX,"January 20, 2018",450sx,Angel Stadium
https://vault.racerxonline.com/2018-01-27/250sx-west/university-of-phoenix-stadium,Glendale - 250SX West,"January 27, 2018",250sx-west,University Of Phoenix Stadium
https://vault.racerxonline.com/2018-01-27/450sx/university-of-phoenix-stadium,Glendale - 450SX,"January 27, 2018",450sx,University Of Phoenix Stadium
https://vault.racerxonline.com/2018-02-03/250sx-west/o-co-coliseum,Oakland - 250SX West,"February 3, 2018",250sx-west,O Co Coliseum
https://vault.racerxonline.com/2018-02-03/450sx/o-co-coliseum,Oakland - 450SX,"February 3, 2018",450sx,O Co Coliseum
https://vault.racerxonline.com/2018-02-10/250sx-west/petco-park,San Diego - 250SX West,"February 10, 2018",250sx-west,Petco Park
https://vault.racerxonline.com/2018-02-10/450sx/petco-park,San Diego - 450SX,"February 10, 2018",450sx,Petco Park
https://vault.racerxonline.com/2018-02-17/250sx-east/att-stadium,Arlington - 250SX East,"February 17, 2018",250sx-east,Att Stadium
https://vault.racerxonline.com/2018-02-17/450sx/att-stadium,Arlington - 450SX,"February 17, 2018",450sx,Att Stadium
https://vault.racerxonline.com/2018-02-24/250sx-east/raymond-james-stadium,Tampa - 250SX East,"February 24, 2018",250sx-east,Raymond James Stadium
https://vault.racerxonline.com/2018-02-24/450sx/raymond-james-stadium,Tampa - 450SX,"February 24, 2018",450sx,Raymond James Stadium
https://vault.racerxonline.com/2018-03-03/250sx-east/mercedes-benz-stadium,Atlanta - 250SX East,"March 3, 2018",250sx-east,Mercedes Benz Stadium
https://vault.racerxonline.com/2018-03-03/450sx/mercedes-benz-stadium,Atlanta - 450SX,"March 3, 2018",450sx,Mercedes Benz Stadium
https://vault.racerxonline.com/2018-03-10/250sx-east/daytona-international-speedway,Daytona - 250SX East,"March 10, 2018",250sx-east,Daytona International Speedway
https://vault.racerxonline.com/2018-03-10/450sx/daytona-international-speedway,Daytona - 450SX,"March 10, 2018",450sx,Daytona International Speedway
https://vault.racerxonline.com/2018-03-17/250sx-east/dome-at-americas-center,St. Louis - 250SX East,"March 17, 2018",250sx-east,Dome At Americas Center
https://vault.racerxonline.com/2018-03-17/450sx/dome-at-americas-center,St. Louis - 450SX,"March 17, 2018",450sx,Dome At Americas Center
https://vault.racerxonline.com/2018-03-24/250sx-showdown/lucas-oil-stadium,Indianapolis - 250SX Showdown,"March 24, 2018",250sx-showdown,Lucas Oil Stadium
https://vault.racerxonline.com/2018-03-24/450sx/lucas-oil-stadium,Indianapolis - 450SX,"March 24, 2018",450sx,Lucas Oil Stadium
https://vault.racerxonline.com/2018-04-07/250sx-west/lumen-field,Seattle - 250SX West,"April 7, 2018",250sx-west,Lumen Field
https://vault.racerxonline.com/2018-04-07/450sx/lumen-field,Seattle - 450SX,"April 7, 2018",450sx,Lumen Field
https://vault.racerxonline.com/2018-04-14/250sx-east/us-bank-stadium,Minneapolis - 250SX East,"April 14, 2018",250sx-east,Us Bank Stadium
https://vault.racerxonline.com/2018-04-14/450sx/us-bank-stadium,Minneapolis - 450SX,"April 14, 2018",450sx,Us Bank Stadium
https://vault.racerxonline.com/2018-04-21/250sx-east/gillette-stadium,Foxborough - 250SX East,"April 21, 2018",250sx-east,Gillette Stadium
https://vault.racerxonline.com/2018-04-21/450sx/gillette-stadium,Foxborough - 450SX,"April 21, 2018",450sx,Gillette Stadium
https://vault.racerxonline.com/2018-04-28/250sx-west/rice-eccles-stadium,Salt Lake City - 250SX West,"April 28, 2018",250sx-west,Rice Eccles Stadium
https://vault.racerxonline.com/2018-04-28/450sx/rice-eccles-stadium,Salt Lake City - 450SX,"April 28, 2018",450sx,Rice Eccles Stadium
https://vault.racerxonline.com/2018-05-05/250sx-showdown/sam-boyd-stadium,Las Vegas - 250SX Showdown,"May 5, 2018",250sx-showdown,Sam Boyd Stadium
https://vault.racerxonline.com/2018-05-05/450sx/sam-boyd-stadium,Las Vegas - 450SX,"May 5, 2018",450sx,Sam Boyd Stadium
https://vault.racerxonline.com/2018-05-19/250/hangtown-motocross-classic,Hangtown - 250,"May 19, 2018",250,Hangtown Motocross Classic
https://vault.racerxonline.com/2018-05-19/450/hangtown-motocross-classic,Hangtown - 450,"May 19, 2018",450,Hangtown Motocross Classic
https://vault.racerxonline.com/2018-05-26/250/glen-helen-raceway,Glen Helen - 250,"May 26, 2018",250,Glen Helen Raceway
https://vault.racerxonline.com/2018-05-26/450/glen-helen-raceway,Glen Helen - 450,"May 26, 2018",450,Glen Helen Raceway
https://vault.racerxonline.com/2018-06-02/250/thunder-valley-motocross-park,Thunder Valley - 250,"June 2, 2018",250,Thunder Valley Motocross Park
https://vault.racerxonline.com/2018-06-02/450/thunder-valley-motocross-park,Thunder Valley - 450,"June 2, 2018",450,Thunder Valley Motocross Park
https://vault.racerxonline.com/2018-06-16/250/high-point-raceway,High Point - 250,"June 16, 2018",250,High Point Raceway
https://vault.racerxonline.com/2018-06-16/450/high-point-raceway,High Point - 450,"June 16, 2018",450,High Point Raceway
https://vault.racerxonline.com/2018-06-23/250/muddy-creek-raceway,Tennessee - 250,"June 23, 2018",250,Muddy Creek Raceway
https://vault.racerxonline.com/2018-06-23/450/muddy-creek-raceway,Tennessee - 450,"June 23, 2018",450,Muddy Creek Raceway
https://vault.racerxonline.com/2018-06-30/250/moto-x-338,Southwick - 250,"June 30, 2018",250,Moto X 338
https://vault.racerxonline.com/2018-06-30/450/moto-x-338,Southwick - 450,"June 30, 2018",450,Moto X 338
https://vault.racerxonline.com/2018-07-07/250/red-bud-track-n-trail,RedBud - 250,"July 7, 2018",250,Red Bud Track N Trail
https://vault.racerxonline.com/2018-07-07/450/red-bud-track-n-trail,RedBud - 450,"July 7, 2018",450,Red Bud Track N Trail
https://vault.racerxonline.com/2018-07-21/250/spring-creek-motocross-park,Spring Creek - 250,"July 21, 2018",250,Spring Creek Motocross Park
https://vault.racerxonline.com/2018-07-21/450/spring-creek-motocross-park,Spring Creek - 450,"July 21, 2018",450,Spring Creek Motocross Park
https://vault.racerxonline.com/2018-07-28/250/washougal-motocross-park,Washougal - 250,"July 28, 2018",250,Washougal Motocross Park
https://vault.racerxonline.com/2018-07-28/450/washougal-motocross-park,Washougal - 450,"July 28, 2018",450,Washougal Motocross Park
https://vault.racerxonline.com/2018-08-11/250/unadilla,Unadilla - 250,"August 11, 2018",250,Unadilla
https://vault.racerxonline.com/2018-08-11/450/unadilla,Unadilla - 450,"August 11, 2018",450,Unadilla
https://vault.racerxonline.com/2018-08-18/250/budds-creek-motocross-park,Budds Creek - 250,"August 18, 2018",250,Budds Creek Motocross Park
https://vault.racerxonline.com/2018-08-18/450/budds-creek-motocross-park,Budds Creek - 450,"August 18, 2018",450,Budds Creek Motocross Park
https://vault.racerxonline.com/2018-08-25/250/ironman-raceway,Ironman - 250,"August 25, 2018",250,Ironman Raceway
https://vault.racerxonline.com/2018-08-25/450/ironman-raceway,Ironman - 450,"August 25, 2018",450,Ironman Raceway
https://vault.racerxonline.com/2019-01-05/250sx-west/angel-stadium,Anaheim 1 - 250SX West,"January 5, 2019",250sx-west,Angel Stadium
https://vault.racerxonline.com/2019-01-05/450sx/angel-stadium,Anaheim 1 - 450SX,"January 5, 2019",450sx,Angel Stadium
https://vault.racerxonline.com/2019-01-12/250sx-west/state-farm-stadium,Glendale - 250SX West,"January 12, 2019",250sx-west,State Farm Stadium
https://vault.racerxonline.com/2019-01-12/450sx/state-farm-stadium,Glendale - 450SX,"January 12, 2019",450sx,State Farm Stadium
https://vault.racerxonline.com/2019-01-19/250sx-west/angel-stadium,Anaheim 2 - 250SX West,"January 19, 2019",250sx-west,Angel Stadium
https://vault.racerxonline.com/2019-01-19/450sx/angel-stadium,Anaheim 2 - 450SX,"January 19, 2019",450sx,Angel Stadium
https://vault.racerxonline.com/2019-01-26/250sx-west/oakland-alameda-coliseum,Oakland - 250SX West,"January 26, 2019",250sx-west,Oakland Alameda Coliseum
https://vault.racerxonline.com/2019-01-26/450sx/oakland-alameda-coliseum,Oakland - 450SX,"January 26, 2019",450sx,Oakland Alameda Coliseum
https://vault.racerxonline.com/2019-02-02/250sx-west/petco-park,San Diego - 250SX West,"February 2, 2019",250sx-west,Petco Park
https://vault.racerxonline.com/2019-02-02/450sx/petco-park,San Diego - 450SX,"February 2, 2019",450sx,Petco Park
https://vault.racerxonline.com/2019-02-09/250sx-east/us-bank-stadium,Minneapolis - 250SX East,"February 9, 2019",250sx-east,Us Bank Stadium
https://vault.racerxonline.com/2019-02-09/450sx/us-bank-stadium,Minneapolis - 450SX,"February 9, 2019",450sx,Us Bank Stadium
https://vault.racerxonline.com/2019-02-16/250sx-east/att-stadium,Arlington - 250SX East,"February 16, 2019",250sx-east,Att Stadium
https://vault.racerxonline.com/2019-02-16/450sx/att-stadium,Arlington - 450SX,"February 16, 2019",450sx,Att Stadium
https://vault.racerxonline.com/2019-02-23/250sx-east/ford-field,Detroit - 250SX East,"February 23, 2019",250sx-east,Ford Field
https://vault.racerxonline.com/2019-02-23/450sx/ford-field,Detroit - 450SX,"February 23, 2019",450sx,Ford Field
https://vault.racerxonline.com/2019-03-02/250sx-showdown/mercedes-benz-stadium,Atlanta - 250SX Showdown,"March 2, 2019",250sx-showdown,Mercedes Benz Stadium
https://vault.racerxonline.com/2019-03-02/450sx/mercedes-benz-stadium,Atlanta - 450SX,"March 2, 2019",450sx,Mercedes Benz Stadium
https://vault.racerxonline.com/2019-03-09/250sx-east/daytona-international-speedway,Daytona - 250SX East,"March 9, 2019",250sx-east,Daytona International Speedway
https://vault.racerxonline.com/2019-03-09/450sx/daytona-international-speedway,Daytona - 450SX,"March 9, 2019",450sx,Daytona International Speedway
https://vault.racerxonline.com/2019-03-16/250sx-east/lucas-oil-stadium,Indianapolis - 250SX East,"March 16, 2019",250sx-east,Lucas Oil Stadium
https://vault.racerxonline.com/2019-03-16/450sx/lucas-oil-stadium,Indianapolis - 450SX,"March 16, 2019",450sx,Lucas Oil Stadium
https://vault.racerxonline.com/2019-03-23/250sx-west/lumen-field,Seattle - 250SX West,"March 23, 2019",250sx-west,Lumen Field
https://vault.racerxonline.com/2019-03-23/450sx/lumen-field,Seattle - 450SX,"March 23, 2019",450sx,Lumen Field
https://vault.racerxonline.com/2019-03-30/250sx-west/nrg-stadium,Houston - 250SX West,"March 30, 2019",250sx-west,Nrg Stadium
https://vault.racerxonline.com/2019-03-30/450sx/nrg-stadium,Houston - 450SX,"March 30, 2019",450sx,Nrg Stadium
https://vault.racerxonline.com/2019-04-06/250sx-east/nissan-stadium,Nashville - 250SX East,"April 6, 2019",250sx-east,Nissan Stadium
https://vault.racerxonline.com/2019-04-06/450sx/nissan-stadium,Nashville - 450SX,"April 6, 2019",450sx,Nissan Stadium
https://vault.racerxonline.com/2019-04-13/250sx-west/broncos-stadium-at-mile-high,Denver - 250SX West,"April 13, 2019",250sx-west,Broncos Stadium At Mile High
https://vault.racerxonline.com/2019-04-13/450sx/broncos-stadium-at-mile-high,Denver - 450SX,"April 13, 2019",450sx,Broncos Stadium At Mile High
https://vault.racerxonline.com/2019-04-27/250sx-east/metlife-stadium,East Rutherford - 250SX East,"April 27, 2019",250sx-east,Metlife Stadium
https://vault.racerxonline.com/2019-04-27/450sx/metlife-stadium,East Rutherford - 450SX,"April 27, 2019",450sx,Metlife Stadium
https://vault.racerxonline.com/2019-05-04/250sx-showdown/sam-boyd-stadium,Las Vegas - 250SX Showdown,"May 4, 2019",250sx-showdown,Sam Boyd Stadium
https://vault.racerxonline.com/2019-05-04/450sx/sam-boyd-stadium,Las Vegas - 450SX,"May 4, 2019",450sx,Sam Boyd Stadium
https://vault.racerxonline.com/2019-05-18/250/hangtown-motocross-classic,Hangtown - 250,"May 18, 2019",250,Hangtown Motocross Classic
https://vault.racerxonline.com/2019-05-18/450/hangtown-motocross-classic,Hangtown - 450,"May 18, 2019",450,Hangtown Motocross Classic
https://vault.racerxonline.com/2019-05-25/250/pala-raceway,Pala - 250,"May 25, 2019",250,Pala Raceway
https://vault.racerxonline.com/2019-05-25/450/pala-raceway,Pala - 450,"May 25, 2019",450,Pala Raceway
https://vault.racerxonline.com/2019-06-01/250/thunder-valley-motocross-park,Thunder Valley - 250,"June 1, 2019",250,Thunder Valley Motocross Park
https://vault.racerxonline.com/2019-06-01/450/thunder-valley-motocross-park,Thunder Valley - 450,"June 1, 2019",450,Thunder Valley Motocross Park
https://vault.racerxonline.com/2019-06-15/250/high-point-raceway,High Point - 250,"June 15, 2019",250,High Point Raceway
https://vault.racerxonline.com/2019-06-15/450/high-point-raceway,High Point - 450,"June 15, 2019",450,High Point Raceway
https://vault.racerxonline.com/2019-06-22/250/ww-motocross-park,Florida - 250,"June 22, 2019",250,Ww Motocross Park
https://vault.racerxonline.com/2019-06-22/450/ww-motocross-park,Florida - 450,"June 22, 2019",450,Ww Motocross Park
https://vault.racerxonline.com/2019-06-29/250/moto-x-338,Southwick - 250,"June 29, 2019",250,Moto X 338
https://vault.racerxonline.com/2019-06-29/450/moto-x-338,Southwick - 450,"June 29, 2019",450,Moto X 338
https://vault.racerxonline.com/2019-07-06/250/red-bud-track-n-trail,RedBud - 250,"July 6, 2019",250,Red Bud Track N Trail
https://vault.racerxonline.com/2019-07-06/450/red-bud-track-n-trail,RedBud - 450,"July 6, 2019",450,Red Bud Track N Trail
https://vault.racerxonline.com/2019-07-20/250/spring-creek-motocross-park,Spring Creek - 250,"July 20, 2019",250,Spring Creek Motocross Park
https://vault.racerxonline.com/2019-07-20/450/spring-creek-motocross-park,Spring Creek - 450,"July 20, 2019",450,Spring Creek Motocross Park
https://vault.racerxonline.com/2019-07-27/250/washougal-motocross-park,Washougal - 250,"July 27, 2019",250,Washougal Motocross Park
https://vault.racerxonline.com/2019-07-27/450/washougal-motocross-park,Washougal - 450,"July 27, 2019",450,Washougal Motocross Park
https://vault.racerxonline.com/2019-08-10/250/unadilla,Unadilla - 250,"August 10, 2019",250,Unadilla
https://vault.racerxonline.com/2019-08-10/450/unadilla,Unadilla - 450,"August 10, 2019",450,Unadilla
https://vault.racerxonline.com/2019-08-17/250/budds-creek-motocross-park,Budds Creek - 250,"August 17, 2019",250,Budds Creek Motocross Park
https://vault.racerxonline.com/2019-08-17/450/budds-creek-motocross-park,Budds Creek - 450,"August 17, 2019",450,Budds Creek Motocross Park
https://vault.racerxonline.com/2019-08-24/250/ironman-raceway,Ironman - 250,"August 24, 2019",250,Ironman Raceway
https://vault.racerxonline.com/2019-08-24/450/ironman-raceway,Ironman - 450,"August 24, 2019",450,Ironman Raceway
https://vault.racerxonline.com/2020-01-04/250sx-west/angel-stadium,Anaheim 1 - 250SX West,"January 4, 2020",250sx-west,Angel Stadium
https://vault.racerxonline.com/2020-01-04/450sx/angel-stadium,Anaheim 1 - 450SX,"January 4, 2020",450sx,Angel Stadium
https://vault.racerxonline.com/2020-01-11/250sx-west/dome-at-americas-center,St. Louis - 250SX West,"January 11, 2020",250sx-west,Dome At Americas Center
https://vault.racerxonline.com/2020-01-11/450sx/dome-at-americas-center,St. Louis - 450SX,"January 11, 2020",450sx,Dome At Americas Center
https://vault.racerxonline.com/2020-01-18/250sx-west/angel-stadium,Anaheim 2 - 250SX West,"January 18, 2020",250sx-west,Angel Stadium
https://vault.racerxonline.com/2020-01-18/450sx/angel-stadium,Anaheim 2 - 450SX,"January 18, 2020",450sx,Angel Stadium
https://vault.racerxonline.com/2020-01-25/250sx-west/state-farm-stadium,Glendale - 250SX West,"January 25, 2020",250sx-west,State Farm Stadium
https://vault.racerxonline.com/2020-01-25/450sx/state-farm-stadium,Glendale - 450SX,"January 25, 2020",450sx,State Farm Stadium
https://vault.racerxonline.com/2020-02-01/250sx-west/ringcentral-coliseum,Oakland - 250SX West,"February 1, 2020",250sx-west,Ringcentral Coliseum
https://vault.racerxonline.com/2020-02-01/450sx/ringcentral-coliseum,Oakland - 450SX,"February 1, 2020",450sx,Ringcentral Coliseum
https://vault.racerxonline.com/2020-02-08/250sx-west/petco-park,San Diego - 250SX West,"February 8, 2020",250sx-west,Petco Park
https://vault.racerxonline.com/2020-02-08/450sx/petco-park,San Diego - 450SX,"February 8, 2020",450sx,Petco Park
https://vault.racerxonline.com/2020-02-15/250sx-east/raymond-james-stadium,Tampa - 250SX East,"February 15, 2020",250sx-east,Raymond James Stadium
https://vault.racerxonline.com/2020-02-15/450sx/raymond-james-stadium,Tampa - 450SX,"February 15, 2020",450sx,Raymond James Stadium
https://vault.racerxonline.com/2020-02-22/250sx-east/att-stadium,Arlington - 250SX East,"February 22, 2020",250sx-east,Att Stadium
https://vault.racerxonline.com/2020-02-22/450sx/att-stadium,Arlington - 450SX,"February 22, 2020",450sx,Att Stadium
https://vault.racerxonline.com/2020-02-29/250sx-east/mercedes-benz-stadium,Atlanta - 250SX East,"February 29, 2020",250sx-east,Mercedes Benz Stadium
https://vault.racerxonline.com/2020-02-29/450sx/mercedes-benz-stadium,Atlanta - 450SX,"February 29, 2020",450sx,Mercedes Benz Stadium
https://vault.racerxonline.com/2020-03-07/250sx-east/daytona-international-speedway,Daytona - 250SX East,"March 7, 2020",250sx-east,Daytona International Speedway
https://vault.racerxonline.com/2020-03-07/450sx/daytona-international-speedway,Daytona - 450SX,"March 7, 2020",450sx,Daytona International Speedway
https://vault.racerxonline.com/2020-05-31/250sx-east/rice-eccles-stadium,Salt Lake City 1 - 250SX East,"May 31, 2020",250sx-east,Rice Eccles Stadium
https://vault.racerxonline.com/2020-05-31/450sx/rice-eccles-stadium,Salt Lake City 1 - 450SX,"May 31, 2020",450sx,Rice Eccles Stadium
https://vault.racerxonline.com/2020-06-03/250sx-east/rice-eccles-stadium,Salt Lake City 2 - 250SX East,"June 3, 2020",250sx-east,Rice Eccles Stadium
https://vault.racerxonline.com/2020-06-03/450sx/rice-eccles-stadium,Salt Lake City 2 - 450SX,"June 3, 2020",450sx,Rice Eccles Stadium
https://vault.racerxonline.com/2020-06-07/250sx-east/rice-eccles-stadium,Salt Lake City 3 - 250SX East,"June 7, 2020",250sx-east,Rice Eccles Stadium
https://vault.racerxonline.com/2020-06-07/450sx/rice-eccles-stadium,Salt Lake City 3 - 450SX,"June 7, 2020",450sx,Rice Eccles Stadium
https://vault.racerxonline.com/2020-06-10/250sx-west/rice-eccles-stadium,Salt Lake City 4 - 250SX West,"June 10, 2020",250sx-west,Rice Eccles Stadium
https://vault.racerxonline.com/2020-06-10/450sx/rice-eccles-stadium,Salt Lake City 4 - 450SX,"June 10, 2020",450sx,Rice Eccles Stadium
https://vault.racerxonline.com/2020-06-14/250sx-west/rice-eccles-stadium,Salt Lake City 5 - 250SX West,"June 14, 2020",250sx-west,Rice Eccles Stadium
https://vault.racerxonline.com/2020-06-14/450sx/rice-eccles-stadium,Salt Lake City 5 - 450SX,"June 14, 2020",450sx,Rice Eccles Stadium
https://vault.racerxonline.com/2020-06-17/250sx-east/rice-eccles-stadium,Salt Lake City 6 - 250SX East,"June 17, 2020",250sx-east,Rice Eccles Stadium
https://vault.racerxonline.com/2020-06-17/450sx/rice-eccles-stadium,Salt Lake City 6 - 450SX,"June 17, 2020",450sx,Rice Eccles Stadium
https://vault.racerxonline.com/2020-06-21/250sx-showdown/rice-eccles-stadium,Salt Lake City 7 - 250SX Showdown,"June 21, 2020",250sx-showdown,Rice Eccles Stadium
https://vault.racerxonline.com/2020-06-21/450sx/rice-eccles-stadium,Salt Lake City 7 - 450SX,"June 21, 2020",450sx,Rice Eccles Stadium
https://vault.racerxonline.com/2020-08-15/250/loretta-lynn-ranch,Loretta Lynn's - 250,"August 15, 2020",250,Loretta Lynn Ranch
https://vault.racerxonline.com/2020-08-15/450/loretta-lynn-ranch,Loretta Lynn's - 450,"August 15, 2020",450,Loretta Lynn Ranch
https://vault.racerxonline.com/2020-08-22/250/loretta-lynn-ranch,Loretta Lynn's II - 250,"August 22, 2020",250,Loretta Lynn Ranch
https://vault.racerxonline.com/2020-08-22/450/loretta-lynn-ranch,Loretta Lynn's II - 450,"August 22, 2020",450,Loretta Lynn Ranch
https://vault.racerxonline.com/2020-08-29/250/ironman-raceway,Ironman - 250,"August 29, 2020",250,Ironman Raceway
https://vault.racerxonline.com/2020-08-29/450/ironman-raceway,Ironman - 450,"August 29, 2020",450,Ironman Raceway
https://vault.racerxonline.com/2020-09-04/250/red-bud-track-n-trail,RedBud National I - 250,"September 4, 2020",250,Red Bud Track N Trail
https://vault.racerxonline.com/2020-09-04/450/red-bud-track-n-trail,RedBud National I - 450,"September 4, 2020",450,Red Bud Track N Trail
https://vault.racerxonline.com/2020-09-07/250/red-bud-track-n-trail,RedBud National II - 250,"September 7, 2020",250,Red Bud Track N Trail
https://vault.racerxonline.com/2020-09-07/450/red-bud-track-n-trail,RedBud National II - 450,"September 7, 2020",450,Red Bud Track N Trail
https://vault.racerxonline.com/2020-09-19/250/spring-creek-motocross-park,Spring Creek - 250,"September 19, 2020",250,Spring Creek Motocross Park
https://vault.racerxonline.com/2020-09-19/450/spring-creek-motocross-park,Spring Creek - 450,"September 19, 2020",450,Spring Creek Motocross Park
https://vault.racerxonline.com/2020-09-26/250/ww-motocross-park,WW Ranch - 250,"September 26, 2020",250,Ww Motocross Park
https://vault.racerxonline.com/2020-09-26/450/ww-motocross-park,WW Ranch - 450,"September 26, 2020",450,Ww Motocross Park
https://vault.racerxonline.com/2020-10-03/250/thunder-valley-motocross-park,Thunder Valley - 250,"October 3, 2020",250,Thunder Valley Motocross Park
https://vault.racerxonline.com/2020-10-03/450/thunder-valley-motocross-park,Thunder Valley - 450,"October 3, 2020",450,Thunder Valley Motocross Park
https://vault.racerxonline.com/2020-10-10/250/pala-raceway,Fox Raceway - 250,"October 10, 2020",250,Pala Raceway
https://vault.racerxonline.com/2020-10-10/450/pala-raceway,Fox Raceway - 450,"October 10, 2020",450,Pala Raceway
https://vault.racerxonline.com/2021-01-16/250sx-east/nrg-stadium,Houston 1 - 250SX East,"January 16, 2021",250sx-east,Nrg Stadium
https://vault.racerxonline.com/2021-01-16/450sx/nrg-stadium,Houston 1 - 450SX,"January 16, 2021",450sx,Nrg Stadium
https://vault.racerxonline.com/2021-01-19/250sx-east/nrg-stadium,Houston 2 - 250SX East,"January 19, 2021",250sx-east,Nrg Stadium
https://vault.racerxonline.com/2021-01-19/450sx/nrg-stadium,Houston 2 - 450SX,"January 19, 2021",450sx,Nrg Stadium
https://vault.racerxonline.com/2021-01-23/250sx-east/nrg-stadium,Houston 3 - 250SX East,"January 23, 2021",250sx-east,Nrg Stadium
https://vault.racerxonline.com/2021-01-23/450sx/nrg-stadium,Houston 3 - 450SX,"January 23, 2021",450sx,Nrg Stadium
https://vault.racerxonline.com/2021-01-30/250sx-east/lucas-oil-stadium,Indianapolis 1 - 250SX East,"January 30, 2021",250sx-east,Lucas Oil Stadium
https://vault.racerxonline.com/2021-01-30/450sx/lucas-oil-stadium,Indianapolis 1 - 450SX,"January 30, 2021",450sx,Lucas Oil Stadium
https://vault.racerxonline.com/2021-02-02/250sx-east/lucas-oil-stadium,Indianapolis 2 - 250SX East,"February 2, 2021",250sx-east,Lucas Oil Stadium
https://vault.racerxonline.com/2021-02-02/450sx/lucas-oil-stadium,Indianapolis 2 - 450SX,"February 2, 2021",450sx,Lucas Oil Stadium
https://vault.racerxonline.com/2021-02-06/250sx-east/lucas-oil-stadium,Indianapolis 3 - 250SX East,"February 6, 2021",250sx-east,Lucas Oil Stadium
https://vault.racerxonline.com/2021-02-06/450sx/lucas-oil-stadium,Indianapolis 3 - 450SX,"February 6, 2021",450sx,Lucas Oil Stadium
https://vault.racerxonline.com/2021-02-13/250sx-east/camping-world-stadium,Orlando 1 - 250SX East,"February 13, 2021",250sx-east,Camping World Stadium
https://vault.racerxonline.com/2021-02-13/450sx/camping-world-stadium,Orlando 1 - 450SX,"February 13, 2021",450sx,Camping World Stadium
https://vault.racerxonline.com/2021-02-20/250sx-west/camping-world-stadium,Orlando 2 - 250SX West,"February 20, 2021",250sx-west,Camping World Stadium
https://vault.racerxonline.com/2021-02-20/450sx/camping-world-stadium,Orlando 2 - 450SX,"February 20, 2021",450sx,Camping World Stadium
https://vault.racerxonline.com/2021-03-06/250sx-west/daytona-international-speedway,Daytona - 250SX West,"March 6, 2021",250sx-west,Daytona International Speedway
https://vault.racerxonline.com/2021-03-06/450sx/daytona-international-speedway,Daytona - 450SX,"March 6, 2021",450sx,Daytona International Speedway
https://vault.racerxonline.com/2021-03-13/250sx-west/att-stadium,Arlington 1 - 250SX West,"March 13, 2021",250sx-west,Att Stadium
https://vault.racerxonline.com/2021-03-13/450sx/att-stadium,Arlington 1 - 450SX,"March 13, 2021",450sx,Att Stadium
https://vault.racerxonline.com/2021-03-16/250sx-west/att-stadium,Arlington 2 - 250SX West,"March 16, 2021",250sx-west,Att Stadium
https://vault.racerxonline.com/2021-03-16/450sx/att-stadium,Arlington 2 - 450SX,"March 16, 2021",450sx,Att Stadium
https://vault.racerxonline.com/2021-03-20/250sx-west/att-stadium,Arlington 3 - 250SX West,"March 20, 2021",250sx-west,Att Stadium
https://vault.racerxonline.com/2021-03-20/450sx/att-stadium,Arlington 3 - 450SX,"March 20, 2021",450sx,Att Stadium
https://vault.racerxonline.com/2021-04-10/250sx-west/atlanta-motor-speedway,Atlanta 1 - 250SX West,"April 10, 2021",250sx-west,Atlanta Motor Speedway
https://vault.racerxonline.com/2021-04-10/450sx/atlanta-motor-speedway,Atlanta 1 - 450SX,"April 10, 2021",450sx,Atlanta Motor Speedway
https://vault.racerxonline.com/2021-04-13/250sx-west/atlanta-motor-speedway,Atlanta 2 - 250SX West,"April 13, 2021",250sx-west,Atlanta Motor Speedway
https://vault.racerxonline.com/2021-04-13/450sx/atlanta-motor-speedway,Atlanta 2 - 450SX,"April 13, 2021",450sx,Atlanta Motor Speedway
https://vault.racerxonline.com/2021-04-17/250sx-west/atlanta-motor-speedway,Atlanta 3 - 250SX West,"April 17, 2021",250sx-west,Atlanta Motor Speedway
https://vault.racerxonline.com/2021-04-17/450sx/atlanta-motor-speedway,Atlanta 3 - 450SX,"April 17, 2021",450sx,Atlanta Motor Speedway
https://vault.racerxonline.com/2021-04-24/250sx-east/rice-eccles-stadium,Salt Lake City 1 - 250SX East,"April 24, 2021",250sx-east,Rice Eccles Stadium
https://vault.racerxonline.com/2021-04-24/450sx/rice-eccles-stadium,Salt Lake City 1 - 450SX,"April 24, 2021",450sx,Rice Eccles Stadium
https://vault.racerxonline.com/2021-05-01/250sx-showdown/rice-eccles-stadium,Salt Lake City 2 - 250SX Showdown,"May 1, 2021",250sx-showdown,Rice Eccles Stadium
https://vault.racerxonline.com/2021-05-01/450sx/rice-eccles-stadium,Salt Lake City 2 - 450SX,"May 1, 2021",450sx,Rice Eccles Stadium
https://vault.racerxonline.com/2021-05-29/250/pala-raceway,Fox Raceway 1 - 250,"May 29, 2021",250,Pala Raceway
https://vault.racerxonline.com/2021-05-29/450/pala-raceway,Fox Raceway 1 - 450,"May 29, 2021",450,Pala Raceway
https://vault.racerxonline.com/2021-06-05/250/thunder-valley-motocross-park,Thunder Valley - 250,"June 5, 2021",250,Thunder Valley Motocross Park
https://vault.racerxonline.com/2021-06-05/450/thunder-valley-motocross-park,Thunder Valley - 450,"June 5, 2021",450,Thunder Valley Motocross Park
https://vault.racerxonline.com/2021-06-19/250/high-point-raceway,High Point - 250,"June 19, 2021",250,High Point Raceway
https://vault.racerxonline.com/2021-06-19/450/high-point-raceway,High Point - 450,"June 19, 2021",450,High Point Raceway
https://vault.racerxonline.com/2021-07-03/250/red-bud-track-n-trail,RedBud - 250,"July 3, 2021",250,Red Bud Track N Trail
https://vault.racerxonline.com/2021-07-03/450/red-bud-track-n-trail,RedBud - 450,"July 3, 2021",450,Red Bud Track N Trail
https://vault.racerxonline.com/2021-07-10/250/moto-x-338,Southwick - 250,"July 10, 2021",250,Moto X 338
https://vault.racerxonline.com/2021-07-10/450/moto-x-338,Southwick - 450,"July 10, 2021",450,Moto X 338
https://vault.racerxonline.com/2021-07-17/250/spring-creek-motocross-park,Spring Creek - 250,"July 17, 2021",250,Spring Creek Motocross Park
https://vault.racerxonline.com/2021-07-17/450/spring-creek-motocross-park,Spring Creek - 450,"July 17, 2021",450,Spring Creek Motocross Park
https://vault.racerxonline.com/2021-07-24/250/washougal-motocross-park,Washougal - 250,"July 24, 2021",250,Washougal Motocross Park
https://vault.racerxonline.com/2021-07-24/450/washougal-motocross-park,Washougal - 450,"July 24, 2021",450,Washougal Motocross Park
https://vault.racerxonline.com/2021-08-14/250/unadilla,Unadilla - 250,"August 14, 2021",250,Unadilla
https://vault.racerxonline.com/2021-08-14/450/unadilla,Unadilla - 450,"August 14, 2021",450,Unadilla
https://vault.racerxonline.com/2021-08-21/250/budds-creek-motocross-park,Budds Creek - 250,"August 21, 2021",250,Budds Creek Motocross Park
https://vault.racerxonline.com/2021-08-21/450/budds-creek-motocross-park,Budds Creek - 450,"August 21, 2021",450,Budds Creek Motocross Park
https://vault.racerxonline.com/2021-08-28/250/ironman-raceway,Ironman - 250,"August 28, 2021",250,Ironman Raceway
https://vault.racerxonline.com/2021-08-28/450/ironman-raceway,Ironman - 450,"August 28, 2021",450,Ironman Raceway
https://vault.racerxonline.com/2021-09-04/250/pala-raceway,Fox Raceway 2 - 250,"September 4, 2021",250,Pala Raceway
https://vault.racerxonline.com/2021-09-04/450/pala-raceway,Fox Raceway 2 - 450,"September 4, 2021",450,Pala Raceway
https://vault.racerxonline.com/2021-09-11/250/hangtown-motocross-classic,Hangtown - 250,"September 11, 2021",250,Hangtown Motocross Classic
https://vault.racerxonline.com/2021-09-11/450/hangtown-motocross-classic,Hangtown - 450,"September 11, 2021",450,Hangtown Motocross Classic
https://vault.racerxonline.com/2022-01-08/250sx-west/angel-stadium,Anaheim 1 - 250SX West,"January 8, 2022",250sx-west,Angel Stadium
https://vault.racerxonline.com/2022-01-08/450sx/angel-stadium,Anaheim 1 - 450SX,"January 8, 2022",450sx,Angel Stadium
https://vault.racerxonline.com/2022-01-15/250sx-futures/ringcentral-coliseum,Oakland - 250SX Futures,"January 15, 2022",250sx-futures,Ringcentral Coliseum
https://vault.racerxonline.com/2022-01-15/250sx-west/ringcentral-coliseum,Oakland - 250SX West,"January 15, 2022",250sx-west,Ringcentral Coliseum
https://vault.racerxonline.com/2022-01-15/450sx/ringcentral-coliseum,Oakland - 450SX,"January 15, 2022",450sx,Ringcentral Coliseum
https://vault.racerxonline.com/2022-01-22/250sx-west/petco-park,San Diego - 250SX West,"January 22, 2022",250sx-west,Petco Park
https://vault.racerxonline.com/2022-01-22/450sx/petco-park,San Diego - 450SX,"January 22, 2022",450sx,Petco Park
https://vault.racerxonline.com/2022-01-29/250sx-futures/angel-stadium,Anaheim 2 - 250SX Futures,"January 29, 2022",250sx-futures,Angel Stadium
https://vault.racerxonline.com/2022-01-29/250sx-west/angel-stadium,Anaheim 2 - 250SX West,"January 29, 2022",250sx-west,Angel Stadium
https://vault.racerxonline.com/2022-01-29/450sx/angel-stadium,Anaheim 2 - 450SX,"January 29, 2022",450sx,Angel Stadium
https://vault.racerxonline.com/2022-02-05/250sx-futures/state-farm-stadium,Glendale - 250SX Futures,"February 5, 2022",250sx-futures,State Farm Stadium
https://vault.racerxonline.com/2022-02-05/250sx-west/state-farm-stadium,Glendale - 250SX West,"February 5, 2022",250sx-west,State Farm Stadium
https://vault.racerxonline.com/2022-02-05/450sx/state-farm-stadium,Glendale - 450SX,"February 5, 2022",450sx,State Farm Stadium
https://vault.racerxonline.com/2022-02-12/250sx-west/angel-stadium,Anaheim 3 - 250SX West,"February 12, 2022",250sx-west,Angel Stadium
https://vault.racerxonline.com/2022-02-12/450sx/angel-stadium,Anaheim 3 - 450SX,"February 12, 2022",450sx,Angel Stadium
https://vault.racerxonline.com/2022-02-19/250sx-east/us-bank-stadium,Minneapolis - 250SX East,"February 19, 2022",250sx-east,Us Bank Stadium
https://vault.racerxonline.com/2022-02-19/450sx/us-bank-stadium,Minneapolis - 450SX,"February 19, 2022",450sx,Us Bank Stadium
https://vault.racerxonline.com/2022-02-26/250sx-east/att-stadium,Arlington - 250SX East,"February 26, 2022",250sx-east,Att Stadium
https://vault.racerxonline.com/2022-02-26/250sx-futures/att-stadium,Arlington - 250SX Futures,"February 26, 2022",250sx-futures,Att Stadium
https://vault.racerxonline.com/2022-02-26/450sx/att-stadium,Arlington - 450SX,"February 26, 2022",450sx,Att Stadium
https://vault.racerxonline.com/2022-03-05/250sx-east/daytona-international-speedway,Daytona - 250SX East,"March 5, 2022",250sx-east,Daytona International Speedway
https://vault.racerxonline.com/2022-03-05/450sx/daytona-international-speedway,Daytona - 450SX,"March 5, 2022",450sx,Daytona International Speedway
https://vault.racerxonline.com/2022-03-12/250sx-east/ford-field,Detroit - 250SX East,"March 12, 2022",250sx-east,Ford Field
https://vault.racerxonline.com/2022-03-12/450sx/ford-field,Detroit - 450SX,"March 12, 2022",450sx,Ford Field
https://vault.racerxonline.com/2022-03-19/250sx-east/lucas-oil-stadium,Indy - 250SX East,"March 19, 2022",250sx-east,Lucas Oil Stadium
https://vault.racerxonline.com/2022-03-19/450sx/lucas-oil-stadium,Indy - 450SX,"March 19, 2022",450sx,Lucas Oil Stadium
https://vault.racerxonline.com/2022-03-26/250sx-west/lumen-field,Seattle - 250SX West,"March 26, 2022",250sx-west,Lumen Field
https://vault.racerxonline.com/2022-03-26/450sx/lumen-field,Seattle - 450SX,"March 26, 2022",450sx,Lumen Field
https://vault.racerxonline.com/2022-04-09/250sx-east/dome-at-americas-center,St. Louis - 250SX East,"April 9, 2022",250sx-east,Dome At Americas Center
https://vault.racerxonline.com/2022-04-09/450sx/dome-at-americas-center,St. Louis - 450SX,"April 9, 2022",450sx,Dome At Americas Center
https://vault.racerxonline.com/2022-04-16/250sx-futures/atlanta-motor-speedway,Atlanta - 250SX Futures,"April 16, 2022",250sx-futures,Atlanta Motor Speedway
https://vault.racerxonline.com/2022-04-16/250sx-showdown/atlanta-motor-speedway,Atlanta - 250SX Showdown,"April 16, 2022",250sx-showdown,Atlanta Motor Speedway
https://vault.racerxonline.com/2022-04-16/450sx/atlanta-motor-speedway,Atlanta - 450SX,"April 16, 2022",450sx,Atlanta Motor Speedway
https://vault.racerxonline.com/2022-04-23/250sx-east/gillette-stadium,Foxborough - 250SX East,"April 23, 2022",250sx-east,Gillette Stadium
https://vault.racerxonline.com/2022-04-23/250sx-futures/gillette-stadium,Foxborough - 250SX Futures,"April 23, 2022",250sx-futures,Gillette Stadium
https://vault.racerxonline.com/2022-04-23/450sx/gillette-stadium,Foxborough - 450SX,"April 23, 2022",450sx,Gillette Stadium
https://vault.racerxonline.com/2022-04-30/250sx-west/empower-field-at-mile-high,Denver - 250SX West,"April 30, 2022",250sx-west,Empower Field At Mile High
https://vault.racerxonline.com/2022-04-30/450sx/empower-field-at-mile-high,Denver - 450SX,"April 30, 2022",450sx,Empower Field At Mile High
https://vault.racerxonline.com/2022-05-07/250sx-futures/rice-eccles-stadium,Salt Lake City - 250SX Futures,"May 7, 2022",250sx-futures,Rice Eccles Stadium
https://vault.racerxonline.com/2022-05-07/250sx-showdown/rice-eccles-stadium,Salt Lake City - 250SX Showdown,"May 7, 2022",250sx-showdown,Rice Eccles Stadium
https://vault.racerxonline.com/2022-05-07/450sx/rice-eccles-stadium,Salt Lake City - 450SX,"May 7, 2022",450sx,Rice Eccles Stadium
https://vault.racerxonline.com/2022-05-28/250/pala-raceway,Fox Raceway 1 - 250,"May 28, 2022",250,Pala Raceway
https://vault.racerxonline.com/2022-05-28/450/pala-raceway,Fox Raceway 1 - 450,"May 28, 2022",450,Pala Raceway
https://vault.racerxonline.com/2022-06-04/250/hangtown-motocross-classic,Hangtown - 250,"June 4, 2022",250,Hangtown Motocross Classic
https://vault.racerxonline.com/2022-06-04/450/hangtown-motocross-classic,Hangtown - 450,"June 4, 2022",450,Hangtown Motocross Classic
https://vault.racerxonline.com/2022-06-11/250/thunder-valley-motocross-park,Thunder Valley - 250,"June 11, 2022",250,Thunder Valley Motocross Park
https://vault.racerxonline.com/2022-06-11/450/thunder-valley-motocross-park,Thunder Valley - 450,"June 11, 2022",450,Thunder Valley Motocross Park
https://vault.racerxonline.com/2022-06-18/250/high-point-raceway,High Point - 250,"June 18, 2022",250,High Point Raceway
https://vault.racerxonline.com/2022-06-18/450/high-point-raceway,High Point - 450,"June 18, 2022",450,High Point Raceway
https://vault.racerxonline.com/2022-07-02/250/red-bud-track-n-trail,RedBud - 250,"July 2, 2022",250,Red Bud Track N Trail
https://vault.racerxonline.com/2022-07-02/450/red-bud-track-n-trail,RedBud - 450,"July 2, 2022",450,Red Bud Track N Trail
https://vault.racerxonline.com/2022-07-09/250/moto-x-338,Southwick - 250,"July 9, 2022",250,Moto X 338
https://vault.racerxonline.com/2022-07-09/450/moto-x-338,Southwick - 450,"July 9, 2022",450,Moto X 338
https://vault.racerxonline.com/2022-07-16/250/spring-creek-motocross-park,Spring Creek - 250,"July 16, 2022",250,Spring Creek Motocross Park
https://vault.racerxonline.com/2022-07-16/450/spring-creek-motocross-park,Spring Creek - 450,"July 16, 2022",450,Spring Creek Motocross Park
https://vault.racerxonline.com/2022-07-23/250/washougal-motocross-park,Washougal - 250,"July 23, 2022",250,Washougal Motocross Park
https://vault.racerxonline.com/2022-07-23/450/washougal-motocross-park,Washougal - 450,"July 23, 2022",450,Washougal Motocross Park
https://vault.racerxonline.com/2022-08-13/250/unadilla,Unadilla - 250,"August 13, 2022",250,Unadilla
https://vault.racerxonline.com/2022-08-13/450/unadilla,Unadilla - 450,"August 13, 2022",450,Unadilla
https://vault.racerxonline.com/2022-08-20/250/budds-creek-motocross-park,Budds Creek - 250,"August 20, 2022",250,Budds Creek Motocross Park
https://vault.racerxonline.com/2022-08-20/450/budds-creek-motocross-park,Budds Creek - 450,"August 20, 2022",450,Budds Creek Motocross Park
https://vault.racerxonline.com/2022-08-27/250/ironman-raceway,Ironman - 250,"August 27, 2022",250,Ironman Raceway
https://vault.racerxonline.com/2022-08-27/450/ironman-raceway,Ironman - 450,"August 27, 2022",450,Ironman Raceway
https://vault.racerxonline.com/2022-09-03/250/pala-raceway,Fox Raceway 2 - 250,"September 3, 2022",250,Pala Raceway
https://vault.racerxonline.com/2022-09-03/450/pala-raceway,Fox Raceway 2 - 450,"September 3, 2022",450,Pala Raceway
https://vault.racerxonline.com/2023-01-07/250sx-west/angel-stadium,Anaheim 1 - 250SX West,"January 7, 2023",250sx-west,Angel Stadium
https://vault.racerxonline.com/2023-01-07/450sx/angel-stadium,Anaheim 1 - 450SX,"January 7, 2023",450sx,Angel Stadium
https://vault.racerxonline.com/2023-01-21/250sx-west/snapdragon-stadium,San Diego - 250SX West,"January 21, 2023",250sx-west,Snapdragon Stadium
https://vault.racerxonline.com/2023-01-21/450sx/snapdragon-stadium,San Diego - 450SX,"January 21, 2023",450sx,Snapdragon Stadium
https://vault.racerxonline.com/2023-01-27/250sx-futures/angel-stadium,Anaheim 2 - 250SX Futures,"January 27, 2023",250sx-futures,Angel Stadium
https://vault.racerxonline.com/2023-01-27/250sx-west/angel-stadium,Anaheim 2 - 250SX West,"January 27, 2023",250sx-west,Angel Stadium
https://vault.racerxonline.com/2023-01-27/450sx/angel-stadium,Anaheim 2 - 450SX,"January 27, 2023",450sx,Angel Stadium
https://vault.racerxonline.com/2023-02-04/250sx-east/nrg-stadium,Houston - 250SX East,"February 4, 2023",250sx-east,Nrg Stadium
https://vault.racerxonline.com/2023-02-04/450sx/nrg-stadium,Houston - 450SX,"February 4, 2023",450sx,Nrg Stadium
https://vault.racerxonline.com/2023-02-11/250sx-east/raymond-james-stadium,Tampa - 250SX East,"February 11, 2023",250sx-east,Raymond James Stadium
https://vault.racerxonline.com/2023-02-11/450sx/raymond-james-stadium,Tampa - 450SX,"February 11, 2023",450sx,Raymond James Stadium
https://vault.racerxonline.com/2023-02-18/250sx-west/ringcentral-coliseum,Oakland - 250SX West,"February 18, 2023",250sx-west,Ringcentral Coliseum
https://vault.racerxonline.com/2023-02-18/450sx/ringcentral-coliseum,Oakland - 450SX,"February 18, 2023",450sx,Ringcentral Coliseum
https://vault.racerxonline.com/2023-02-25/250sx-east/att-stadium,Arlington - 250SX East,"February 25, 2023",250sx-east,Att Stadium
https://vault.racerxonline.com/2023-02-25/250sx-futures/att-stadium,Arlington - 250SX Futures,"February 25, 2023",250sx-futures,Att Stadium
https://vault.racerxonline.com/2023-02-25/450sx/att-stadium,Arlington - 450SX,"February 25, 2023",450sx,Att Stadium
https://vault.racerxonline.com/2023-03-04/250sx-east/daytona-international-speedway,Daytona - 250SX East,"March 4, 2023",250sx-east,Daytona International Speedway
https://vault.racerxonline.com/2023-03-04/450sx/daytona-international-speedway,Daytona - 450SX,"March 4, 2023",450sx,Daytona International Speedway
https://vault.racerxonline.com/2023-03-11/250sx-east/lucas-oil-stadium,Indianapolis - 250SX East,"March 11, 2023",250sx-east,Lucas Oil Stadium
https://vault.racerxonline.com/2023-03-11/450sx/lucas-oil-stadium,Indianapolis - 450SX,"March 11, 2023",450sx,Lucas Oil Stadium
https://vault.racerxonline.com/2023-03-18/250sx-east/ford-field,Detroit - 250SX East,"March 18, 2023",250sx-east,Ford Field
https://vault.racerxonline.com/2023-03-18/450sx/ford-field,Detroit - 450SX,"March 18, 2023",450sx,Ford Field
https://vault.racerxonline.com/2023-03-25/250sx-west/lumen-field,Seattle - 250SX West,"March 25, 2023",250sx-west,Lumen Field
https://vault.racerxonline.com/2023-03-25/450sx/lumen-field,Seattle - 450SX,"March 25, 2023",450sx,Lumen Field
https://vault.racerxonline.com/2023-04-08/250sx-futures/state-farm-stadium,Glendale - 250SX Futures,"April 8, 2023",250sx-futures,State Farm Stadium
https://vault.racerxonline.com/2023-04-08/250sx-west/state-farm-stadium,Glendale - 250SX West,"April 8, 2023",250sx-west,State Farm Stadium
https://vault.racerxonline.com/2023-04-08/450sx/state-farm-stadium,Glendale - 450SX,"April 8, 2023",450sx,State Farm Stadium
https://vault.racerxonline.com/2023-04-15/250sx-east/atlanta-motor-speedway,Atlanta - 250SX East,"April 15, 2023",250sx-east,Atlanta Motor Speedway
https://vault.racerxonline.com/2023-04-15/450sx/atlanta-motor-speedway,Atlanta - 450SX,"April 15, 2023",450sx,Atlanta Motor Speedway
https://vault.racerxonline.com/2023-04-22/250sx-futures/metlife-stadium,East Rutherford - 250SX Futures,"April 22, 2023",250sx-futures,Metlife Stadium
https://vault.racerxonline.com/2023-04-22/250sx-showdown/metlife-stadium,East Rutherford - 250SX Showdown,"April 22, 2023",250sx-showdown,Metlife Stadium
https://vault.racerxonline.com/2023-04-22/450sx/metlife-stadium,East Rutherford - 450SX,"April 22, 2023",450sx,Metlife Stadium
https://vault.racerxonline.com/2023-04-29/250sx-east/nissan-stadium,Nashville - 250SX East,"April 29, 2023",250sx-east,Nissan Stadium
https://vault.racerxonline.com/2023-04-29/450sx/nissan-stadium,Nashville - 450SX,"April 29, 2023",450sx,Nissan Stadium
https://vault.racerxonline.com/2023-05-06/250sx-west/empower-field-at-mile-high,Denver - 250SX West,"May 6, 2023",250sx-west,Empower Field At Mile High
https://vault.racerxonline.com/2023-05-06/450sx/empower-field-at-mile-high,Denver - 450SX,"May 6, 2023",450sx,Empower Field At Mile High
https://vault.racerxonline.com/2023-05-13/250sx-futures/rice-eccles-stadium,Salt Lake City - 250SX Futures,"May 13, 2023",250sx-futures,Rice Eccles Stadium
https://vault.racerxonline.com/2023-05-13/250sx-showdown/rice-eccles-stadium,Salt Lake City - 250SX Showdown,"May 13, 2023",250sx-showdown,Rice Eccles Stadium
https://vault.racerxonline.com/2023-05-13/450sx/rice-eccles-stadium,Salt Lake City - 450SX,"May 13, 2023",450sx,Rice Eccles Stadium
https://vault.racerxonline.com/2023-05-27/250/pala-raceway,Fox Raceway - 250,"May 27, 2023",250,Pala Raceway
https://vault.racerxonline.com/2023-05-27/450/pala-raceway,Fox Raceway - 450,"May 27, 2023",450,Pala Raceway
https://vault.racerxonline.com/2023-06-03/250/hangtown-motocross-classic,Hangtown Motocross Classic - 250,"June 3, 2023",250,Hangtown Motocross Classic
https://vault.racerxonline.com/2023-06-03/450/hangtown-motocross-classic,Hangtown Motocross Classic - 450,"June 3, 2023",450,Hangtown Motocross Classic
https://vault.racerxonline.com/2023-06-10/250/thunder-valley-motocross-park,Thunder Valley - 250,"June 10, 2023",250,Thunder Valley Motocross Park
https://vault.racerxonline.com/2023-06-10/450/thunder-valley-motocross-park,Thunder Valley - 450,"June 10, 2023",450,Thunder Valley Motocross Park
https://vault.racerxonline.com/2023-06-17/250/high-point-raceway,High Point - 250,"June 17, 2023",250,High Point Raceway
https://vault.racerxonline.com/2023-06-17/450/high-point-raceway,High Point - 450,"June 17, 2023",450,High Point Raceway
https://vault.racerxonline.com/2023-07-01/250/red-bud-track-n-trail,RedBud - 250,"July 1, 2023",250,Red Bud Track N Trail
https://vault.racerxonline.com/2023-07-01/450/red-bud-track-n-trail,RedBud - 450,"July 1, 2023",450,Red Bud Track N Trail
https://vault.racerxonline.com/2023-07-08/250/moto-x-338,Southwick - 250,"July 8, 2023",250,Moto X 338
https://vault.racerxonline.com/2023-07-08/450/moto-x-338,Southwick - 450,"July 8, 2023",450,Moto X 338
https://vault.racerxonline.com/2023-07-15/250/spring-creek-motocross-park,Spring Creek - 250,"July 15, 2023",250,Spring Creek Motocross Park
https://vault.racerxonline.com/2023-07-15/450/spring-creek-motocross-park,Spring Creek - 450,"July 15, 2023",450,Spring Creek Motocross Park
https://vault.racerxonline.com/2023-07-22/250/washougal-motocross-park,Washougal - 250,"July 22, 2023",250,Washougal Motocross Park
https://vault.racerxonline.com/2023-07-22/450/washougal-motocross-park,Washougal - 450,"July 22, 2023",450,Washougal Motocross Park
https://vault.racerxonline.com/2023-08-12/250/unadilla,Unadilla - 250,"August 12, 2023",250,Unadilla
https://vault.racerxonline.com/2023-08-12/450/unadilla,Unadilla - 450,"August 12, 2023",450,Unadilla
https://vault.racerxonline.com/2023-08-19/250/budds-creek-motocross-park,Budds Creek - 250,"August 19, 2023",250,Budds Creek Motocross Park
https://vault.racerxonline.com/2023-08-19/450/budds-creek-motocross-park,Budds Creek - 450,"August 19, 2023",450,Budds Creek Motocross Park
https://vault.racerxonline.com/2023-08-26/250/ironman-raceway,Ironman - 250,"August 26, 2023",250,Ironman Raceway
https://vault.racerxonline.com/2023-08-26/450/ironman-raceway,Ironman - 450,"August 26, 2023",450,Ironman Raceway
https://vault.racerxonline.com/2024-01-06/250sx-west/angel-stadium,Anaheim 1  - 250SX West,"January 6, 2024",250sx-west,Angel Stadium
https://vault.racerxonline.com/2024-01-06/450sx/angel-stadium,Anaheim 1  - 450SX,"January 6, 2024",450sx,Angel Stadium
https://vault.racerxonline.com/2024-01-13/250sx-west/oracle-park,San Francisco - 250SX West,"January 13, 2024",250sx-west,Oracle Park
https://vault.racerxonline.com/2024-01-13/450sx/oracle-park,San Francisco - 450SX,"January 13, 2024",450sx,Oracle Park
https://vault.racerxonline.com/2024-01-20/250sx-west/snapdragon-stadium,San Diego - 250SX West,"January 20, 2024",250sx-west,Snapdragon Stadium
https://vault.racerxonline.com/2024-01-20/450sx/snapdragon-stadium,San Diego - 450SX,"January 20, 2024",450sx,Snapdragon Stadium
https://vault.racerxonline.com/2024-01-27/250sx-futures/angel-stadium,Anaheim 2 - 250SX Futures,"January 27, 2024",250sx-futures,Angel Stadium
https://vault.racerxonline.com/2024-01-27/250sx-west/angel-stadium,Anaheim 2 - 250SX West,"January 27, 2024",250sx-west,Angel Stadium
https://vault.racerxonline.com/2024-01-27/450sx/angel-stadium,Anaheim 2 - 450SX,"January 27, 2024",450sx,Angel Stadium
https://vault.racerxonline.com/2024-02-03/250sx-east/ford-field,Detroit - 250SX East,"February 3, 2024",250sx-east,Ford Field
https://vault.racerxonline.com/2024-02-03/450sx/ford-field,Detroit - 450SX,"February 3, 2024",450sx,Ford Field
https://vault.racerxonline.com/2024-02-10/250sx-west/state-farm-stadium,Glendale - 250SX West,"February 10, 2024",250sx-west,State Farm Stadium
https://vault.racerxonline.com/2024-02-10/450sx/state-farm-stadium,Glendale - 450SX,"February 10, 2024",450sx,State Farm Stadium
https://vault.racerxonline.com/2024-02-24/250sx-east/att-stadium,Arlington - 250SX East,"February 24, 2024",250sx-east,Att Stadium
https://vault.racerxonline.com/2024-02-24/450sx/att-stadium,Arlington - 450SX,"February 24, 2024",450sx,Att Stadium
https://vault.racerxonline.com/2024-03-02/250sx-east/daytona-international-speedway,Daytona - 250SX East,"March 2, 2024",250sx-east,Daytona International Speedway
https://vault.racerxonline.com/2024-03-02/250sx-futures/daytona-international-speedway,Daytona - 250SX Futures,"March 2, 2024",250sx-futures,Daytona International Speedway
https://vault.racerxonline.com/2024-03-02/450sx/daytona-international-speedway,Daytona - 450SX,"March 2, 2024",450sx,Daytona International Speedway
https://vault.racerxonline.com/2024-03-09/250sx-east/protective-stadium,Birmingham - 250SX East,"March 9, 2024",250sx-east,Protective Stadium
https://vault.racerxonline.com/2024-03-09/450sx/protective-stadium,Birmingham - 450SX,"March 9, 2024",450sx,Protective Stadium
https://vault.racerxonline.com/2024-03-16/250sx-east/lucas-oil-stadium,Indianapolis - 250SX East,"March 16, 2024",250sx-east,Lucas Oil Stadium
https://vault.racerxonline.com/2024-03-16/450sx/lucas-oil-stadium,Indianapolis - 450SX,"March 16, 2024",450sx,Lucas Oil Stadium
https://vault.racerxonline.com/2024-03-23/250sx-west/lumen-field,Seattle - 250SX West,"March 23, 2024",250sx-west,Lumen Field
https://vault.racerxonline.com/2024-03-23/450sx/lumen-field,Seattle - 450SX,"March 23, 2024",450sx,Lumen Field
https://vault.racerxonline.com/2024-03-30/250sx-futures/dome-at-americas-center,St. Louis - 250SX Futures,"March 30, 2024",250sx-futures,Dome At Americas Center
https://vault.racerxonline.com/2024-03-30/250sx-west/dome-at-americas-center,St. Louis - 250SX West,"March 30, 2024",250sx-west,Dome At Americas Center
https://vault.racerxonline.com/2024-03-30/450sx/dome-at-americas-center,St. Louis - 450SX,"March 30, 2024",450sx,Dome At Americas Center
https://vault.racerxonline.com/2024-04-13/250sx-east/gillette-stadium,Foxborough - 250SX East,"April 13, 2024",250sx-east,Gillette Stadium
https://vault.racerxonline.com/2024-04-13/250sx-futures/gillette-stadium,Foxborough - 250SX Futures,"April 13, 2024",250sx-futures,Gillette Stadium
https://vault.racerxonline.com/2024-04-13/450sx/gillette-stadium,Foxborough - 450SX,"April 13, 2024",450sx,Gillette Stadium
https://vault.racerxonline.com/2024-04-20/250sx-showdown/nissan-stadium,Nashville - 250SX Showdown,"April 20, 2024",250sx-showdown,Nissan Stadium
https://vault.racerxonline.com/2024-04-20/450sx/nissan-stadium,Nashville - 450SX,"April 20, 2024",450sx,Nissan Stadium
https://vault.racerxonline.com/2024-04-27/250sx-east/lincoln-financial-field,Philadelphia - 250SX East,"April 27, 2024",250sx-east,Lincoln Financial Field
https://vault.racerxonline.com/2024-04-27/450sx/lincoln-financial-field,Philadelphia - 450SX,"April 27, 2024",450sx,Lincoln Financial Field
https://vault.racerxonline.com/2024-05-04/250sx-west/empower-field-at-mile-high,Denver - 250SX West,"May 4, 2024",250sx-west,Empower Field At Mile High
https://vault.racerxonline.com/2024-05-04/450sx/empower-field-at-mile-high,Denver - 450SX,"May 4, 2024",450sx,Empower Field At Mile High
https://vault.racerxonline.com/2024-05-11/250sx-futures/rice-eccles-stadium,Salt Lake City - 250SX Futures,"May 11, 2024",250sx-futures,Rice Eccles Stadium
https://vault.racerxonline.com/2024-05-11/250sx-showdown/rice-eccles-stadium,Salt Lake City - 250SX Showdown,"May 11, 2024",250sx-showdown,Rice Eccles Stadium
https://vault.racerxonline.com/2024-05-11/450sx/rice-eccles-stadium,Salt Lake City - 450SX,"May 11, 2024",450sx,Rice Eccles Stadium
https://vault.racerxonline.com/2024-05-25/250/pala-raceway,Fox Raceway - 250,"May 25, 2024",250,Pala Raceway
https://vault.racerxonline.com/2024-05-25/450/pala-raceway,Fox Raceway - 450,"May 25, 2024",450,Pala Raceway
https://vault.racerxonline.com/2024-06-01/250/hangtown-motocross-classic,Hangtown Motocross Classic - 250,"June 1, 2024",250,Hangtown Motocross Classic
https://vault.racerxonline.com/2024-06-01/450/hangtown-motocross-classic,Hangtown Motocross Classic - 450,"June 1, 2024",450,Hangtown Motocross Classic
https://vault.racerxonline.com/2024-06-08/250/thunder-valley-motocross-park,Thunder Valley - 250,"June 8, 2024",250,Thunder Valley Motocross Park
https://vault.racerxonline.com/2024-06-08/450/thunder-valley-motocross-park,Thunder Valley - 450,"June 8, 2024",450,Thunder Valley Motocross Park
https://vault.racerxonline.com/2024-06-15/250/high-point-raceway,High Point - 250,"June 15, 2024",250,High Point Raceway
https://vault.racerxonline.com/2024-06-15/450/high-point-raceway,High Point - 450,"June 15, 2024",450,High Point Raceway
https://vault.racerxonline.com/2024-06-29/250/moto-x-338,Southwick - 250,"June 29, 2024",250,Moto X 338
https://vault.racerxonline.com/2024-06-29/450/moto-x-338,Southwick - 450,"June 29, 2024",450,Moto X 338
https://vault.racerxonline.com/2024-07-06/250/red-bud-track-n-trail,RedBud - 250,"July 6, 2024",250,Red Bud Track N Trail
https://vault.racerxonline.com/2024-07-06/450/red-bud-track-n-trail,RedBud - 450,"July 6, 2024",450,Red Bud Track N Trail
https://vault.racerxonline.com/2024-07-13/250/spring-creek-motocross-park,Spring Creek - 250,"July 13, 2024",250,Spring Creek Motocross Park
https://vault.racerxonline.com/2024-07-13/450/spring-creek-motocross-park,Spring Creek - 450,"July 13, 2024",450,Spring Creek Motocross Park
https://vault.racerxonline.com/2024-07-20/250/washougal-motocross-park,Washougal - 250,"July 20, 2024",250,Washougal Motocross Park
https://vault.racerxonline.com/2024-07-20/450/washougal-motocross-park,Washougal - 450,"July 20, 2024",450,Washougal Motocross Park
https://vault.racerxonline.com/2024-08-10/250/unadilla,Unadilla - 250,"August 10, 2024",250,Unadilla
https://vault.racerxonline.com/2024-08-10/450/unadilla,Unadilla - 450,"August 10, 2024",450,Unadilla
https://vault.racerxonline.com/2024-08-17/250/budds-creek-motocross-park,Budds Creek - 250,"August 17, 2024",250,Budds Creek Motocross Park
https://vault.racerxonline.com/2024-08-17/450/budds-creek-motocross-park,Budds Creek - 450,"August 17, 2024",450,Budds Creek Motocross Park
https://vault.racerxonline.com/2024-08-24/250/ironman-raceway,Ironman - 250,"August 24, 2024",250,Ironman Raceway
https://vault.racerxonline.com/2024-08-24/450/ironman-raceway,Ironman - 450,"August 24, 2024",450,Ironman Raceway
https://vault.racerxonline.com/2025-01-11/250sx-west/angel-stadium,Anaheim 1 - 250SX West,"January 11, 2025",250sx-west,Angel Stadium
https://vault.racerxonline.com/2025-01-11/450sx/angel-stadium,Anaheim 1 - 450SX,"January 11, 2025",450sx,Angel Stadium
https://vault.racerxonline.com/2025-01-18/250sx-west/snapdragon-stadium,San Diego - 250SX West,"January 18, 2025",250sx-west,Snapdragon Stadium
https://vault.racerxonline.com/2025-01-18/450sx/snapdragon-stadium,San Diego - 450SX,"January 18, 2025",450sx,Snapdragon Stadium
https://vault.racerxonline.com/2025-01-25/250sx-west/angel-stadium,Anaheim 2 - 250SX West,"January 25, 2025",250sx-west,Angel Stadium
https://vault.racerxonline.com/2025-01-25/450sx/angel-stadium,Anaheim 2 - 450SX,"January 25, 2025",450sx,Angel Stadium
https://vault.racerxonline.com/2025-02-01/250sx-west/state-farm-stadium,Glendale - 250SX West,"February 1, 2025",250sx-west,State Farm Stadium
https://vault.racerxonline.com/2025-02-01/450sx/state-farm-stadium,Glendale - 450SX,"February 1, 2025",450sx,State Farm Stadium
https://vault.racerxonline.com/2025-02-01/smx-next/state-farm-stadium,Glendale - SMX Next,"February 1, 2025",smx-next,State Farm Stadium
https://vault.racerxonline.com/2025-02-08/250sx-east/raymond-james-stadium,Tampa - 250SX East,"February 8, 2025",250sx-east,Raymond James Stadium
https://vault.racerxonline.com/2025-02-08/450sx/raymond-james-stadium,Tampa - 450SX,"February 8, 2025",450sx,Raymond James Stadium
https://vault.racerxonline.com/2025-02-15/250sx-east/ford-field,Detroit - 250SX East,"February 15, 2025",250sx-east,Ford Field
https://vault.racerxonline.com/2025-02-15/450sx/ford-field,Detroit - 450SX,"February 15, 2025",450sx,Ford Field
https://vault.racerxonline.com/2025-02-22/250sx-west/att-stadium,Arlington - 250SX West,"February 22, 2025",250sx-west,Att Stadium
https://vault.racerxonline.com/2025-02-22/450sx/att-stadium,Arlington - 450SX,"February 22, 2025",450sx,Att Stadium
https://vault.racerxonline.com/2025-03-01/250sx-east/daytona-international-speedway,Daytona - 250SX East,"March 1, 2025",250sx-east,Daytona International Speedway
https://vault.racerxonline.com/2025-03-01/450sx/daytona-international-speedway,Daytona - 450SX,"March 1, 2025",450sx,Daytona International Speedway
https://vault.racerxonline.com/2025-03-01/smx-next/daytona-international-speedway,Daytona - SMX Next,"March 1, 2025",smx-next,Daytona International Speedway
https://vault.racerxonline.com/2025-03-08/250sx-showdown/lucas-oil-stadium,Indianapolis - 250SX Showdown,"March 8, 2025",250sx-showdown,Lucas Oil Stadium
https://vault.racerxonline.com/2025-03-08/450sx/lucas-oil-stadium,Indianapolis - 450SX,"March 8, 2025",450sx,Lucas Oil Stadium
https://vault.racerxonline.com/2025-03-22/250sx-east/protective-stadium,Birmingham - 250SX East,"March 22, 2025",250sx-east,Protective Stadium
https://vault.racerxonline.com/2025-03-22/450sx/protective-stadium,Birmingham - 450SX,"March 22, 2025",450sx,Protective Stadium
https://vault.racerxonline.com/2025-03-22/smx-next/protective-stadium,Birmingham - SMX Next,"March 22, 2025",smx-next,Protective Stadium
https://vault.racerxonline.com/2025-03-29/250sx-west/lumen-field,Seattle - 250SX West,"March 29, 2025",250sx-west,Lumen Field
https://vault.racerxonline.com/2025-03-29/450sx/lumen-field,Seattle - 450SX,"March 29, 2025",450sx,Lumen Field
https://vault.racerxonline.com/2025-04-05/250sx-east/gillette-stadium,Foxborough - 250SX East,"April 5, 2025",250sx-east,Gillette Stadium
https://vault.racerxonline.com/2025-04-05/450sx/gillette-stadium,Foxborough - 450SX,"April 5, 2025",450sx,Gillette Stadium
https://vault.racerxonline.com/2025-04-05/smx-next/gillette-stadium,Foxborough - SMX Next,"April 5, 2025",smx-next,Gillette Stadium
https://vault.racerxonline.com/2025-04-12/250sx-showdown/lincoln-financial-field,Philadelphia - 250SX Showdown,"April 12, 2025",250sx-showdown,Lincoln Financial Field
https://vault.racerxonline.com/2025-04-12/450sx/lincoln-financial-field,Philadelphia - 450SX,"April 12, 2025",450sx,Lincoln Financial Field
https://vault.racerxonline.com/2025-04-19/250sx-east/metlife-stadium,East Rutherford - 250SX East,"April 19, 2025",250sx-east,Metlife Stadium
https://vault.racerxonline.com/2025-04-19/450sx/metlife-stadium,East Rutherford - 450SX,"April 19, 2025",450sx,Metlife Stadium
https://vault.racerxonline.com/2025-04-26/250sx-east/acrisure-stadium,Pittsburgh - 250SX East,"April 26, 2025",250sx-east,Acrisure Stadium
https://vault.racerxonline.com/2025-04-26/450sx/acrisure-stadium,Pittsburgh - 450SX,"April 26, 2025",450sx,Acrisure Stadium
https://vault.racerxonline.com/2025-04-26/smx-next/acrisure-stadium,Pittsburgh - SMX Next,"April 26, 2025",smx-next,Acrisure Stadium
https://vault.racerxonline.com/2025-05-03/250sx-west/empower-field-at-mile-high,Denver - 250SX West,"May 3, 2025",250sx-west,Empower Field At Mile High
https://vault.racerxonline.com/2025-05-03/450sx/empower-field-at-mile-high,Denver - 450SX,"May 3, 2025",450sx,Empower Field At Mile High
https://vault.racerxonline.com/2025-05-10/250sx-showdown/rice-eccles-stadium,Salt Lake City - 250SX Showdown,"May 10, 2025",250sx-showdown,Rice Eccles Stadium
https://vault.racerxonline.com/2025-05-10/450sx/rice-eccles-stadium,Salt Lake City - 450SX,"May 10, 2025",450sx,Rice Eccles Stadium
https://vault.racerxonline.com/2025-05-24/250/pala-raceway,Fox Raceway - 250,"May 24, 2025",250,Pala Raceway
https://vault.racerxonline.com/2025-05-24/450/pala-raceway,Fox Raceway - 450,"May 24, 2025",450,Pala Raceway
https://vault.racerxonline.com/2025-05-31/250/hangtown-motocross-classic,Hangtown Motocross Classic - 250,"May 31, 2025",250,Hangtown Motocross Classic
https://vault.racerxonline.com/2025-05-31/450/hangtown-motocross-classic,Hangtown Motocross Classic - 450,"May 31, 2025",450,Hangtown Motocross Classic
https://vault.racerxonline.com/2025-05-31/smx-next/hangtown-motocross-classic,Hangtown Motocross Classic - SMX Next,"May 31, 2025",smx-next,Hangtown Motocross Classic
https://vault.racerxonline.com/2025-06-07/250/thunder-valley-motocross-park,Thunder Valley - 250,"June 7, 2025",250,Thunder Valley Motocross Park
https://vault.racerxonline.com/2025-06-07/450/thunder-valley-motocross-park,Thunder Valley - 450,"June 7, 2025",450,Thunder Valley Motocross Park
https://vault.racerxonline.com/2025-06-14/250/high-point-raceway,High Point - 250,"June 14, 2025",250,High Point Raceway
https://vault.racerxonline.com/2025-06-14/450/high-point-raceway,High Point - 450,"June 14, 2025",450,High Point Raceway
https://vault.racerxonline.com/2025-06-28/250/moto-x-338,Southwick - 250,"June 28, 2025",250,Moto X 338
https://vault.racerxonline.com/2025-06-28/450/moto-x-338,Southwick - 450,"June 28, 2025",450,Moto X 338
https://vault.racerxonline.com/2025-07-04/250/red-bud-track-n-trail,RedBud - 250,"July 4, 2025",250,Red Bud Track N Trail
https://vault.racerxonline.com/2025-07-04/450/red-bud-track-n-trail,RedBud - 450,"July 4, 2025",450,Red Bud Track N Trail
https://vault.racerxonline.com/2025-07-04/smx-next/red-bud-track-n-trail,RedBud - SMX Next,"July 4, 2025",smx-next,Red Bud Track N Trail
https://vault.racerxonline.com/2025-07-12/250/spring-creek-motocross-park,Spring Creek - 250,"July 12, 2025",250,Spring Creek Motocross Park
https://vault.racerxonline.com/2025-07-12/450/spring-creek-motocross-park,Spring Creek - 450,"July 12, 2025",450,Spring Creek Motocross Park
https://vault.racerxonline.com/2025-07-19/250/washougal-motocross-park,Washougal - 250,"July 19, 2025",250,Washougal Motocross Park
https://vault.racerxonline.com/2025-07-19/450/washougal-motocross-park,Washougal - 450,"July 19, 2025",450,Washougal Motocross Park
https://vault.racerxonline.com/2025-08-09/250/ironman-raceway,Ironman - 250,"August 9, 2025",250,Ironman Raceway
https://vault.racerxonline.com/2025-08-09/450/ironman-raceway,Ironman - 450,"August 9, 2025",450,Ironman Raceway
https://vault.racerxonline.com/2025-08-09/smx-next/ironman-raceway,Ironman - SMX Next,"August 9, 2025",smx-next,Ironman Raceway
https://vault.racerxonline.com/2025-08-16/250/unadilla,Unadilla - 250,"August 16, 2025",250,Unadilla
https://vault.racerxonline.com/2025-08-16/450/unadilla,Unadilla - 450,"August 16, 2025",450,Unadilla
https://vault.racerxonline.com/2025-08-23/250/budds-creek-motocross-park,Budds Creek - 250,"August 23, 2025",250,Budds Creek Motocross Park
https://vault.racerxonline.com/2025-08-23/450/budds-creek-motocross-park,Budds Creek - 450,"August 23, 2025",450,Budds Creek Motocross Park
